location,latency_ms,packet_loss_percent,status_code
Regina_Core_Switch_01,17.45,0.04,200
Moose-Jaw_Core_Switch_02,14.07,0.33,200
Regina_Core_Switch_01,16.47,0.18,200
Moose-Jaw_Core_Switch_02,18.07,0.42,200
Saskatoon_Core_Switch_01,13.07,0.46,200
Saskatoon_Core_Switch_01,15.33,0.09,200
Moose-Jaw_Core_Switch_02,26.95,0.09,200
Moose-Jaw_Core_Switch_02,16.17,0.16,200
Regina_Core_Switch_01,12.29,0.17,200
Saskatoon_Core_Switch_01,33.79,0.4,200
Moose-Jaw_Core_Switch_02,16.62,0.19,200
Saskatoon_Core_Switch_01,30.1,0.15,200
Moose-Jaw_Core_Switch_02,34.93,0.02,200
Regina_Core_Switch_01,13.45,0.48,200
Saskatoon_Core_Switch_01,24.82,0.47,200
Regina_Core_Switch_01,29.45,0.06,200
Moose-Jaw_Core_Switch_02,32.66,0.01,200
Moose-Jaw_Core_Switch_02,15.65,0.14,200
Regina_Core_Switch_01,24.57,0.27,200
Saskatoon_Core_Switch_01,29.9,0.06,200
Regina_Core_Switch_01,25.54,0.28,200
Moose-Jaw_Core_Switch_02,31.45,0.08,200
Moose-Jaw_Core_Switch_02,11.57,0.07,200
Saskatoon_Core_Switch_01,20.0,0.12,200
Regina_Core_Switch_01,34.81,0.23,200
Saskatoon_Core_Switch_01,29.44,0.11,200
Moose-Jaw_Core_Switch_02,22.9,0.38,200
Moose-Jaw_Core_Switch_02,33.86,0.09,200
Saskatoon_Core_Switch_01,14.77,0.13,200
Regina_Core_Switch_01,19.32,0.46,200
Saskatoon_Core_Switch_01,20.03,0.42,200
Moose-Jaw_Core_Switch_02,27.64,0.31,200
Moose-Jaw_Core_Switch_02,22.63,0.5,200
Saskatoon_Core_Switch_01,14.09,0.45,200
Moose-Jaw_Core_Switch_02,33.76,0.37,200
Moose-Jaw_Core_Switch_02,33.72,0.37,200
Moose-Jaw_Core_Switch_02,26.02,0.44,200
Regina_Core_Switch_01,15.19,0.17,200
Regina_Core_Switch_01,25.24,0.0,200
Regina_Core_Switch_01,34.36,0.44,200
Saskatoon_Core_Switch_01,15.18,0.03,200
Moose-Jaw_Core_Switch_02,33.31,0.07,200
Saskatoon_Core_Switch_01,33.52,0.23,200
Moose-Jaw_Core_Switch_02,18.33,0.19,200
Moose-Jaw_Core_Switch_02,23.63,0.09,200
Regina_Core_Switch_01,394.41,7.7,503
Saskatoon_Core_Switch_01,31.94,0.39,200
Regina_Core_Switch_01,27.31,0.38,200
Moose-Jaw_Core_Switch_02,34.62,0.4,200
Regina_Core_Switch_01,28.62,0.42,200
Regina_Core_Switch_01,11.67,0.07,200
Moose-Jaw_Core_Switch_02,18.63,0.42,200
Saskatoon_Core_Switch_01,27.26,0.26,200
Moose-Jaw_Core_Switch_02,27.25,0.44,200
Moose-Jaw_Core_Switch_02,20.37,0.38,200
Saskatoon_Core_Switch_01,32.51,0.17,200
Saskatoon_Core_Switch_01,31.07,0.11,200
Regina_Core_Switch_01,18.84,0.46,200
Saskatoon_Core_Switch_01,23.58,0.01,200
Regina_Core_Switch_01,13.9,0.04,200
Regina_Core_Switch_01,30.92,0.23,200
Moose-Jaw_Core_Switch_02,14.61,0.4,200
Regina_Core_Switch_01,20.61,0.17,200
Regina_Core_Switch_01,13.84,0.1,200
Saskatoon_Core_Switch_01,28.91,0.32,200
Moose-Jaw_Core_Switch_02,10.98,0.3,200
Moose-Jaw_Core_Switch_02,12.19,0.31,200
Moose-Jaw_Core_Switch_02,32.29,0.3,200
Moose-Jaw_Core_Switch_02,27.98,0.09,200
Regina_Core_Switch_01,34.1,0.3,200
Saskatoon_Core_Switch_01,33.45,0.4,200
Moose-Jaw_Core_Switch_02,19.25,0.11,200
Regina_Core_Switch_01,20.93,0.1,200
Saskatoon_Core_Switch_01,28.04,0.06,200
Regina_Core_Switch_01,27.74,0.04,200
Regina_Core_Switch_01,33.59,0.48,200
Regina_Core_Switch_01,22.92,0.25,200
Regina_Core_Switch_01,30.98,0.36,200
Regina_Core_Switch_01,24.25,0.37,200
Moose-Jaw_Core_Switch_02,24.12,0.12,200
Saskatoon_Core_Switch_01,21.7,0.3,200
Regina_Core_Switch_01,11.28,0.04,200
Saskatoon_Core_Switch_01,15.86,0.42,200
Moose-Jaw_Core_Switch_02,10.27,0.17,200
Regina_Core_Switch_01,26.41,0.06,200
Saskatoon_Core_Switch_01,29.51,0.07,200
Saskatoon_Core_Switch_01,33.8,0.38,200
Saskatoon_Core_Switch_01,16.4,0.46,200
Regina_Core_Switch_01,13.72,0.45,200
Moose-Jaw_Core_Switch_02,15.63,0.15,200
Moose-Jaw_Core_Switch_02,29.87,0.45,200
Saskatoon_Core_Switch_01,17.49,0.36,200
Regina_Core_Switch_01,13.49,0.28,200
Moose-Jaw_Core_Switch_02,21.38,0.12,200
Regina_Core_Switch_01,24.36,0.17,200
Regina_Core_Switch_01,24.65,0.33,200
Moose-Jaw_Core_Switch_02,22.18,0.06,200
Moose-Jaw_Core_Switch_02,28.03,0.1,200
Regina_Core_Switch_01,22.41,0.17,200
Moose-Jaw_Core_Switch_02,30.69,0.2,200
Saskatoon_Core_Switch_01,22.1,0.19,200
Moose-Jaw_Core_Switch_02,29.52,0.35,200
Saskatoon_Core_Switch_01,32.67,0.09,200
Saskatoon_Core_Switch_01,28.93,0.07,200
Moose-Jaw_Core_Switch_02,17.03,0.48,200
Moose-Jaw_Core_Switch_02,18.54,0.17,200
Regina_Core_Switch_01,22.96,0.4,200
Regina_Core_Switch_01,32.66,0.04,200
Moose-Jaw_Core_Switch_02,30.89,0.46,200
Regina_Core_Switch_01,33.49,0.01,200
Moose-Jaw_Core_Switch_02,21.13,0.28,200
Moose-Jaw_Core_Switch_02,20.5,0.03,200
Regina_Core_Switch_01,12.5,0.19,200
Saskatoon_Core_Switch_01,30.05,0.25,200
Saskatoon_Core_Switch_01,15.23,0.16,200
Moose-Jaw_Core_Switch_02,30.76,0.21,200
Moose-Jaw_Core_Switch_02,13.3,0.36,200
Moose-Jaw_Core_Switch_02,18.07,0.36,200
Moose-Jaw_Core_Switch_02,23.07,0.3,200
Regina_Core_Switch_01,19.79,0.45,200
Moose-Jaw_Core_Switch_02,13.47,0.48,200
Moose-Jaw_Core_Switch_02,16.61,0.32,200
Saskatoon_Core_Switch_01,25.79,0.39,200
Regina_Core_Switch_01,19.43,0.21,200
Moose-Jaw_Core_Switch_02,16.29,0.16,200
Regina_Core_Switch_01,21.89,0.41,200
Moose-Jaw_Core_Switch_02,11.29,0.36,200
Moose-Jaw_Core_Switch_02,34.65,0.39,200
Saskatoon_Core_Switch_01,23.41,0.48,200
Moose-Jaw_Core_Switch_02,13.35,0.12,200
Regina_Core_Switch_01,29.93,0.07,200
Saskatoon_Core_Switch_01,11.22,0.13,200
Regina_Core_Switch_01,13.93,0.06,200
Regina_Core_Switch_01,26.31,0.37,200
Moose-Jaw_Core_Switch_02,17.98,0.36,200
Moose-Jaw_Core_Switch_02,26.44,0.09,200
Moose-Jaw_Core_Switch_02,32.9,0.04,200
Regina_Core_Switch_01,18.4,0.31,200
Saskatoon_Core_Switch_01,14.29,0.04,200
Regina_Core_Switch_01,14.96,0.01,200
Saskatoon_Core_Switch_01,20.29,0.2,200
Moose-Jaw_Core_Switch_02,34.75,0.24,200
Moose-Jaw_Core_Switch_02,18.65,0.18,200
Saskatoon_Core_Switch_01,32.33,0.43,200
Regina_Core_Switch_01,28.7,0.2,200
Regina_Core_Switch_01,16.38,0.26,200
Moose-Jaw_Core_Switch_02,22.2,0.32,200
Regina_Core_Switch_01,13.1,0.48,200
Moose-Jaw_Core_Switch_02,24.9,0.24,200
Regina_Core_Switch_01,20.19,0.06,200
Regina_Core_Switch_01,10.79,0.14,200
Saskatoon_Core_Switch_01,34.38,0.22,200
Regina_Core_Switch_01,33.26,0.28,200
Regina_Core_Switch_01,25.19,0.0,200
Moose-Jaw_Core_Switch_02,27.12,0.03,200
Saskatoon_Core_Switch_01,11.65,0.49,200
Regina_Core_Switch_01,31.61,0.46,200
Moose-Jaw_Core_Switch_02,16.44,0.25,200
Regina_Core_Switch_01,20.11,0.47,200
Moose-Jaw_Core_Switch_02,29.42,0.49,200
Saskatoon_Core_Switch_01,14.93,0.3,200
Regina_Core_Switch_01,24.83,0.02,200
Regina_Core_Switch_01,22.19,0.02,200
Regina_Core_Switch_01,20.57,0.07,200
Moose-Jaw_Core_Switch_02,17.06,0.38,200
Moose-Jaw_Core_Switch_02,18.49,0.26,200
Moose-Jaw_Core_Switch_02,20.76,0.33,200
Moose-Jaw_Core_Switch_02,34.86,0.41,200
Moose-Jaw_Core_Switch_02,14.18,0.15,200
Moose-Jaw_Core_Switch_02,20.87,0.2,200
Regina_Core_Switch_01,17.78,0.29,200
Saskatoon_Core_Switch_01,34.06,0.02,200
Regina_Core_Switch_01,11.42,0.44,200
Regina_Core_Switch_01,11.9,0.42,200
Moose-Jaw_Core_Switch_02,17.34,0.49,200
Saskatoon_Core_Switch_01,27.25,0.09,200
Saskatoon_Core_Switch_01,33.51,0.49,200
Saskatoon_Core_Switch_01,24.94,0.43,200
Moose-Jaw_Core_Switch_02,18.49,0.11,200
Moose-Jaw_Core_Switch_02,15.45,0.38,200
Moose-Jaw_Core_Switch_02,22.15,0.28,200
Regina_Core_Switch_01,28.67,0.13,200
Regina_Core_Switch_01,30.28,0.39,200
Saskatoon_Core_Switch_01,12.67,0.06,200
Saskatoon_Core_Switch_01,20.34,0.3,200
Regina_Core_Switch_01,30.86,0.42,200
Regina_Core_Switch_01,24.95,0.25,200
Moose-Jaw_Core_Switch_02,10.65,0.34,200
Saskatoon_Core_Switch_01,17.49,0.12,200
Saskatoon_Core_Switch_01,13.53,0.23,200
Moose-Jaw_Core_Switch_02,27.61,0.32,200
Moose-Jaw_Core_Switch_02,468.22,18.49,503
Regina_Core_Switch_01,24.82,0.41,200
Moose-Jaw_Core_Switch_02,17.95,0.36,200
Moose-Jaw_Core_Switch_02,15.33,0.18,200
Regina_Core_Switch_01,12.59,0.38,200
Regina_Core_Switch_01,21.9,0.06,200
Saskatoon_Core_Switch_01,25.94,0.49,200
Saskatoon_Core_Switch_01,25.95,0.46,200
Regina_Core_Switch_01,32.66,0.18,200
Saskatoon_Core_Switch_01,18.94,0.4,200
Saskatoon_Core_Switch_01,18.92,0.12,200
Saskatoon_Core_Switch_01,14.39,0.43,200
Regina_Core_Switch_01,12.87,0.26,200
Saskatoon_Core_Switch_01,12.08,0.21,200
Saskatoon_Core_Switch_01,10.72,0.06,200
Regina_Core_Switch_01,25.43,0.15,200
Regina_Core_Switch_01,19.92,0.37,200
Moose-Jaw_Core_Switch_02,34.35,0.01,200
Moose-Jaw_Core_Switch_02,19.71,0.19,200
Saskatoon_Core_Switch_01,31.11,0.43,200
Saskatoon_Core_Switch_01,14.4,0.43,200
Regina_Core_Switch_01,12.31,0.48,200
Regina_Core_Switch_01,23.67,0.16,200
Regina_Core_Switch_01,15.01,0.2,200
Moose-Jaw_Core_Switch_02,25.31,0.14,200
Saskatoon_Core_Switch_01,18.67,0.31,200
Regina_Core_Switch_01,13.3,0.2,200
Regina_Core_Switch_01,22.81,0.31,200
Saskatoon_Core_Switch_01,30.77,0.1,200
Regina_Core_Switch_01,22.07,0.03,200
Regina_Core_Switch_01,11.33,0.06,200
Moose-Jaw_Core_Switch_02,29.96,0.27,200
Moose-Jaw_Core_Switch_02,19.14,0.12,200
Saskatoon_Core_Switch_01,24.07,0.46,200
Moose-Jaw_Core_Switch_02,25.03,0.35,200
Moose-Jaw_Core_Switch_02,12.56,0.38,200
Moose-Jaw_Core_Switch_02,20.04,0.24,200
Moose-Jaw_Core_Switch_02,20.93,0.34,200
Saskatoon_Core_Switch_01,23.82,0.1,200
Regina_Core_Switch_01,13.76,0.45,200
Moose-Jaw_Core_Switch_02,27.51,0.39,200
Regina_Core_Switch_01,12.19,0.49,200
Moose-Jaw_Core_Switch_02,12.39,0.18,200
Regina_Core_Switch_01,18.99,0.18,200
Saskatoon_Core_Switch_01,12.95,0.46,200
Regina_Core_Switch_01,11.6,0.17,200
Regina_Core_Switch_01,28.16,0.14,200
Regina_Core_Switch_01,19.97,0.27,200
Saskatoon_Core_Switch_01,11.03,0.06,200
Saskatoon_Core_Switch_01,26.17,0.44,200
Moose-Jaw_Core_Switch_02,32.01,0.31,200
Regina_Core_Switch_01,19.7,0.48,200
Saskatoon_Core_Switch_01,34.43,0.31,200
Saskatoon_Core_Switch_01,26.43,0.16,200
Saskatoon_Core_Switch_01,23.59,0.32,200
Regina_Core_Switch_01,15.84,0.39,200
Saskatoon_Core_Switch_01,19.37,0.16,200
Regina_Core_Switch_01,28.01,0.03,200
Regina_Core_Switch_01,24.34,0.09,200
Regina_Core_Switch_01,33.64,0.04,200
Moose-Jaw_Core_Switch_02,15.92,0.19,200
Moose-Jaw_Core_Switch_02,32.6,0.23,200
Moose-Jaw_Core_Switch_02,33.27,0.21,200
Moose-Jaw_Core_Switch_02,15.77,0.28,200
Saskatoon_Core_Switch_01,22.44,0.45,200
Saskatoon_Core_Switch_01,29.98,0.34,200
Regina_Core_Switch_01,25.11,0.06,200
Moose-Jaw_Core_Switch_02,22.37,0.43,200
Saskatoon_Core_Switch_01,28.0,0.12,200
Moose-Jaw_Core_Switch_02,24.29,0.23,200
Moose-Jaw_Core_Switch_02,15.83,0.15,200
Regina_Core_Switch_01,11.84,0.19,200
Saskatoon_Core_Switch_01,27.66,0.4,200
Moose-Jaw_Core_Switch_02,12.53,0.01,200
Saskatoon_Core_Switch_01,30.67,0.44,200
Saskatoon_Core_Switch_01,27.93,0.46,200
Saskatoon_Core_Switch_01,30.04,0.24,200
Saskatoon_Core_Switch_01,18.33,0.21,200
Saskatoon_Core_Switch_01,25.8,0.17,200
Saskatoon_Core_Switch_01,13.08,0.4,200
Moose-Jaw_Core_Switch_02,20.0,0.38,200
Saskatoon_Core_Switch_01,25.26,0.15,200
Saskatoon_Core_Switch_01,14.74,0.3,200
Moose-Jaw_Core_Switch_02,26.1,0.21,200
Moose-Jaw_Core_Switch_02,20.02,0.06,200
Saskatoon_Core_Switch_01,29.19,0.34,200
Saskatoon_Core_Switch_01,26.27,0.12,200
Saskatoon_Core_Switch_01,15.14,0.21,200
Moose-Jaw_Core_Switch_02,23.47,0.29,200
Saskatoon_Core_Switch_01,11.96,0.42,200
Moose-Jaw_Core_Switch_02,15.73,0.34,200
Moose-Jaw_Core_Switch_02,16.05,0.26,200
Saskatoon_Core_Switch_01,13.68,0.47,200
Saskatoon_Core_Switch_01,33.99,0.31,200
Regina_Core_Switch_01,31.51,0.33,200
Regina_Core_Switch_01,16.42,0.31,200
Moose-Jaw_Core_Switch_02,15.79,0.33,200
Moose-Jaw_Core_Switch_02,11.43,0.31,200
Regina_Core_Switch_01,29.13,0.27,200
Regina_Core_Switch_01,22.98,0.35,200
Saskatoon_Core_Switch_01,21.04,0.34,200
Regina_Core_Switch_01,17.61,0.32,200
Saskatoon_Core_Switch_01,15.59,0.38,200
Regina_Core_Switch_01,24.2,0.38,200
Regina_Core_Switch_01,25.94,0.05,200
Regina_Core_Switch_01,33.49,0.01,200
Regina_Core_Switch_01,28.63,0.29,200
Moose-Jaw_Core_Switch_02,20.1,0.35,200
Moose-Jaw_Core_Switch_02,13.88,0.45,200
Regina_Core_Switch_01,10.9,0.25,200
Saskatoon_Core_Switch_01,29.18,0.18,200
Regina_Core_Switch_01,20.5,0.5,200
Regina_Core_Switch_01,15.39,0.15,200
Moose-Jaw_Core_Switch_02,19.5,0.3,200
Saskatoon_Core_Switch_01,17.45,0.46,200
Saskatoon_Core_Switch_01,20.54,0.45,200
Moose-Jaw_Core_Switch_02,17.61,0.04,200
Regina_Core_Switch_01,20.19,0.46,200
Regina_Core_Switch_01,14.68,0.3,200
Regina_Core_Switch_01,473.88,17.2,503
Moose-Jaw_Core_Switch_02,30.82,0.36,200
Saskatoon_Core_Switch_01,27.6,0.42,200
Saskatoon_Core_Switch_01,19.88,0.29,200
Regina_Core_Switch_01,24.11,0.42,200
Saskatoon_Core_Switch_01,12.13,0.22,200
Moose-Jaw_Core_Switch_02,12.61,0.04,200
Moose-Jaw_Core_Switch_02,18.95,0.25,200
Moose-Jaw_Core_Switch_02,28.23,0.3,200
Moose-Jaw_Core_Switch_02,14.8,0.03,200
Regina_Core_Switch_01,18.28,0.47,200
Saskatoon_Core_Switch_01,23.43,0.05,200
Saskatoon_Core_Switch_01,20.23,0.39,200
Saskatoon_Core_Switch_01,34.73,0.08,200
Moose-Jaw_Core_Switch_02,12.28,0.3,200
Saskatoon_Core_Switch_01,26.72,0.23,200
Moose-Jaw_Core_Switch_02,31.8,0.41,200
Moose-Jaw_Core_Switch_02,34.18,0.19,200
Moose-Jaw_Core_Switch_02,23.47,0.05,200
Regina_Core_Switch_01,17.62,0.07,200
Saskatoon_Core_Switch_01,13.69,0.07,200
Regina_Core_Switch_01,16.96,0.28,200
Saskatoon_Core_Switch_01,12.59,0.27,200
Saskatoon_Core_Switch_01,24.16,0.29,200
Regina_Core_Switch_01,26.22,0.49,200
Regina_Core_Switch_01,22.8,0.37,200
Saskatoon_Core_Switch_01,25.85,0.42,200
Regina_Core_Switch_01,24.45,0.03,200
Regina_Core_Switch_01,18.39,0.07,200
Regina_Core_Switch_01,11.65,0.1,200
Regina_Core_Switch_01,16.84,0.05,200
Regina_Core_Switch_01,33.4,0.5,200
Saskatoon_Core_Switch_01,22.9,0.25,200
Regina_Core_Switch_01,24.01,0.09,200
Saskatoon_Core_Switch_01,30.56,0.29,200
Moose-Jaw_Core_Switch_02,24.08,0.08,200
Saskatoon_Core_Switch_01,21.77,0.13,200
Saskatoon_Core_Switch_01,28.29,0.05,200
Moose-Jaw_Core_Switch_02,29.5,0.25,200
Saskatoon_Core_Switch_01,15.44,0.18,200
Regina_Core_Switch_01,15.7,0.29,200
Saskatoon_Core_Switch_01,20.22,0.23,200
Saskatoon_Core_Switch_01,34.75,0.2,200
Moose-Jaw_Core_Switch_02,11.02,0.14,200
Moose-Jaw_Core_Switch_02,34.25,0.04,200
Regina_Core_Switch_01,24.14,0.28,200
Moose-Jaw_Core_Switch_02,15.4,0.45,200
Moose-Jaw_Core_Switch_02,407.23,8.22,503
Moose-Jaw_Core_Switch_02,14.67,0.38,200
Moose-Jaw_Core_Switch_02,25.44,0.22,200
Moose-Jaw_Core_Switch_02,34.7,0.02,200
Regina_Core_Switch_01,18.12,0.3,200
Moose-Jaw_Core_Switch_02,34.71,0.05,200
Saskatoon_Core_Switch_01,18.65,0.47,200
Saskatoon_Core_Switch_01,23.78,0.07,200
Saskatoon_Core_Switch_01,14.53,0.28,200
Moose-Jaw_Core_Switch_02,16.34,0.01,200
Moose-Jaw_Core_Switch_02,21.59,0.11,200
Regina_Core_Switch_01,21.25,0.46,200
Saskatoon_Core_Switch_01,24.82,0.19,200
Regina_Core_Switch_01,11.86,0.14,200
Regina_Core_Switch_01,13.86,0.07,200
Regina_Core_Switch_01,27.54,0.22,200
Regina_Core_Switch_01,22.75,0.46,200
Regina_Core_Switch_01,14.52,0.35,200
Moose-Jaw_Core_Switch_02,28.12,0.27,200
Moose-Jaw_Core_Switch_02,25.06,0.48,200
Moose-Jaw_Core_Switch_02,11.13,0.21,200
Moose-Jaw_Core_Switch_02,31.41,0.07,200
Saskatoon_Core_Switch_01,34.5,0.44,200
Regina_Core_Switch_01,31.79,0.36,200
Regina_Core_Switch_01,18.34,0.28,200
Moose-Jaw_Core_Switch_02,26.62,0.49,200
Moose-Jaw_Core_Switch_02,28.82,0.08,200
Saskatoon_Core_Switch_01,28.87,0.38,200
Saskatoon_Core_Switch_01,29.03,0.4,200
Saskatoon_Core_Switch_01,18.86,0.37,200
Moose-Jaw_Core_Switch_02,26.33,0.38,200
Moose-Jaw_Core_Switch_02,16.91,0.16,200
Saskatoon_Core_Switch_01,19.1,0.2,200
Saskatoon_Core_Switch_01,24.83,0.05,200
Saskatoon_Core_Switch_01,34.82,0.25,200
Moose-Jaw_Core_Switch_02,12.7,0.46,200
Moose-Jaw_Core_Switch_02,13.98,0.46,200
Saskatoon_Core_Switch_01,17.61,0.09,200
Moose-Jaw_Core_Switch_02,31.02,0.04,200
Moose-Jaw_Core_Switch_02,32.01,0.35,200
Moose-Jaw_Core_Switch_02,21.54,0.09,200
Moose-Jaw_Core_Switch_02,30.21,0.49,200
Regina_Core_Switch_01,17.81,0.32,200
Regina_Core_Switch_01,22.6,0.4,200
Moose-Jaw_Core_Switch_02,23.51,0.27,200
Saskatoon_Core_Switch_01,31.2,0.44,200
Saskatoon_Core_Switch_01,31.42,0.36,200
Regina_Core_Switch_01,30.35,0.12,200
Moose-Jaw_Core_Switch_02,21.58,0.16,200
Saskatoon_Core_Switch_01,32.27,0.25,200
Regina_Core_Switch_01,12.33,0.18,200
Saskatoon_Core_Switch_01,26.2,0.05,200
Regina_Core_Switch_01,18.59,0.06,200
Regina_Core_Switch_01,20.62,0.02,200
Regina_Core_Switch_01,12.15,0.38,200
Moose-Jaw_Core_Switch_02,20.14,0.01,200
Saskatoon_Core_Switch_01,33.67,0.37,200
Regina_Core_Switch_01,27.0,0.4,200
Saskatoon_Core_Switch_01,18.98,0.38,200
Saskatoon_Core_Switch_01,15.34,0.37,200
Saskatoon_Core_Switch_01,33.39,0.13,200
Regina_Core_Switch_01,32.94,0.39,200
Saskatoon_Core_Switch_01,19.16,0.32,200
Saskatoon_Core_Switch_01,11.91,0.39,200
Saskatoon_Core_Switch_01,22.45,0.43,200
Saskatoon_Core_Switch_01,34.86,0.1,200
Regina_Core_Switch_01,19.83,0.2,200
Regina_Core_Switch_01,13.89,0.45,200
Moose-Jaw_Core_Switch_02,31.47,0.19,200
Moose-Jaw_Core_Switch_02,33.33,0.03,200
Regina_Core_Switch_01,14.95,0.19,200
Regina_Core_Switch_01,19.95,0.49,200
Moose-Jaw_Core_Switch_02,19.8,0.09,200
Regina_Core_Switch_01,27.94,0.26,200
Saskatoon_Core_Switch_01,26.12,0.21,200
Regina_Core_Switch_01,415.84,7.65,503
Regina_Core_Switch_01,28.8,0.46,200
Moose-Jaw_Core_Switch_02,28.58,0.22,200
Moose-Jaw_Core_Switch_02,24.16,0.22,200
Moose-Jaw_Core_Switch_02,12.73,0.39,200
Moose-Jaw_Core_Switch_02,11.18,0.09,200
Saskatoon_Core_Switch_01,22.11,0.06,200
Saskatoon_Core_Switch_01,34.46,0.41,200
Moose-Jaw_Core_Switch_02,30.07,0.28,200
Saskatoon_Core_Switch_01,32.22,0.32,200
Moose-Jaw_Core_Switch_02,32.59,0.21,200
Moose-Jaw_Core_Switch_02,28.46,0.15,200
Moose-Jaw_Core_Switch_02,23.52,0.13,200
Regina_Core_Switch_01,20.46,0.06,200
Saskatoon_Core_Switch_01,22.68,0.49,200
Moose-Jaw_Core_Switch_02,15.61,0.29,200
Moose-Jaw_Core_Switch_02,29.92,0.39,200
Saskatoon_Core_Switch_01,32.51,0.21,200
Regina_Core_Switch_01,346.06,14.91,503
Regina_Core_Switch_01,18.37,0.07,200
Regina_Core_Switch_01,33.8,0.42,200
Regina_Core_Switch_01,22.67,0.29,200
Moose-Jaw_Core_Switch_02,310.73,9.02,503
Saskatoon_Core_Switch_01,34.16,0.07,200
Saskatoon_Core_Switch_01,34.83,0.22,200
Moose-Jaw_Core_Switch_02,12.52,0.46,200
Saskatoon_Core_Switch_01,28.12,0.3,200
Regina_Core_Switch_01,34.67,0.01,200
Saskatoon_Core_Switch_01,24.8,0.21,200
Moose-Jaw_Core_Switch_02,29.7,0.45,200
Moose-Jaw_Core_Switch_02,31.87,0.42,200
Regina_Core_Switch_01,15.9,0.37,200
Moose-Jaw_Core_Switch_02,408.23,11.1,503
Regina_Core_Switch_01,15.56,0.21,200
Regina_Core_Switch_01,18.99,0.02,200
Regina_Core_Switch_01,29.11,0.26,200
Saskatoon_Core_Switch_01,16.63,0.39,200
Regina_Core_Switch_01,18.18,0.12,200
Saskatoon_Core_Switch_01,30.86,0.18,200
Regina_Core_Switch_01,461.97,8.75,503
Moose-Jaw_Core_Switch_02,15.17,0.06,200
Moose-Jaw_Core_Switch_02,16.24,0.42,200
Regina_Core_Switch_01,26.8,0.3,200
Regina_Core_Switch_01,11.2,0.07,200
Regina_Core_Switch_01,10.35,0.26,200
Regina_Core_Switch_01,31.0,0.13,200
Saskatoon_Core_Switch_01,21.12,0.13,200
Moose-Jaw_Core_Switch_02,15.0,0.28,200
Moose-Jaw_Core_Switch_02,32.73,0.06,200
Regina_Core_Switch_01,32.62,0.17,200
Regina_Core_Switch_01,16.6,0.31,200
Regina_Core_Switch_01,27.49,0.11,200
Saskatoon_Core_Switch_01,31.24,0.44,200
Regina_Core_Switch_01,27.75,0.22,200
Moose-Jaw_Core_Switch_02,21.61,0.28,200
Regina_Core_Switch_01,30.82,0.31,200
Saskatoon_Core_Switch_01,11.5,0.5,200
Regina_Core_Switch_01,16.1,0.21,200
Regina_Core_Switch_01,10.98,0.27,200
Regina_Core_Switch_01,29.65,0.31,200
Regina_Core_Switch_01,32.02,0.17,200
Regina_Core_Switch_01,29.87,0.13,200
Regina_Core_Switch_01,20.11,0.11,200
Moose-Jaw_Core_Switch_02,32.4,0.26,200
Regina_Core_Switch_01,11.86,0.4,200
Saskatoon_Core_Switch_01,31.84,0.31,200
Saskatoon_Core_Switch_01,26.47,0.25,200
Moose-Jaw_Core_Switch_02,22.21,0.45,200
Regina_Core_Switch_01,10.28,0.24,200
Regina_Core_Switch_01,22.7,0.35,200
Saskatoon_Core_Switch_01,28.08,0.21,200
Saskatoon_Core_Switch_01,31.32,0.03,200
Saskatoon_Core_Switch_01,18.87,0.2,200
Regina_Core_Switch_01,20.25,0.1,200
Saskatoon_Core_Switch_01,19.45,0.05,200
Saskatoon_Core_Switch_01,22.26,0.26,200
Saskatoon_Core_Switch_01,29.05,0.35,200
Saskatoon_Core_Switch_01,23.59,0.26,200
Saskatoon_Core_Switch_01,11.63,0.32,200
Saskatoon_Core_Switch_01,25.5,0.19,200
Regina_Core_Switch_01,18.99,0.14,200
Moose-Jaw_Core_Switch_02,12.76,0.31,200
Moose-Jaw_Core_Switch_02,19.14,0.39,200
Saskatoon_Core_Switch_01,23.78,0.3,200
Moose-Jaw_Core_Switch_02,16.95,0.24,200
Regina_Core_Switch_01,32.42,0.22,200
Regina_Core_Switch_01,31.33,0.4,200
Saskatoon_Core_Switch_01,15.75,0.43,200
Moose-Jaw_Core_Switch_02,27.19,0.32,200
Moose-Jaw_Core_Switch_02,19.02,0.02,200
Moose-Jaw_Core_Switch_02,33.87,0.3,200
Regina_Core_Switch_01,21.62,0.24,200
Regina_Core_Switch_01,14.14,0.48,200
Moose-Jaw_Core_Switch_02,17.39,0.14,200
Regina_Core_Switch_01,15.47,0.41,200
Regina_Core_Switch_01,30.52,0.01,200
Moose-Jaw_Core_Switch_02,34.98,0.42,200
Saskatoon_Core_Switch_01,12.74,0.22,200
Regina_Core_Switch_01,23.65,0.15,200
Moose-Jaw_Core_Switch_02,34.9,0.06,200
Regina_Core_Switch_01,20.88,0.07,200
Regina_Core_Switch_01,10.36,0.16,200
Saskatoon_Core_Switch_01,30.2,0.27,200
Regina_Core_Switch_01,11.91,0.1,200
Moose-Jaw_Core_Switch_02,23.7,0.41,200
Regina_Core_Switch_01,14.57,0.33,200
Saskatoon_Core_Switch_01,33.12,0.16,200
Moose-Jaw_Core_Switch_02,24.44,0.41,200
Regina_Core_Switch_01,18.97,0.21,200
Moose-Jaw_Core_Switch_02,13.68,0.3,200
Saskatoon_Core_Switch_01,20.12,0.09,200
Regina_Core_Switch_01,32.62,0.0,200
Regina_Core_Switch_01,27.47,0.02,200
Regina_Core_Switch_01,12.53,0.5,200
Moose-Jaw_Core_Switch_02,21.02,0.36,200
Regina_Core_Switch_01,27.47,0.11,200
Saskatoon_Core_Switch_01,27.54,0.09,200
Saskatoon_Core_Switch_01,28.79,0.39,200
Saskatoon_Core_Switch_01,26.14,0.31,200
Regina_Core_Switch_01,11.72,0.21,200
Saskatoon_Core_Switch_01,11.7,0.39,200
Regina_Core_Switch_01,27.92,0.1,200
Moose-Jaw_Core_Switch_02,17.1,0.0,200
Moose-Jaw_Core_Switch_02,22.31,0.45,200
Regina_Core_Switch_01,18.07,0.36,200
Regina_Core_Switch_01,21.76,0.06,200
Saskatoon_Core_Switch_01,18.05,0.39,200
Regina_Core_Switch_01,29.54,0.05,200
Moose-Jaw_Core_Switch_02,14.52,0.35,200
Saskatoon_Core_Switch_01,18.04,0.18,200
Moose-Jaw_Core_Switch_02,20.74,0.36,200
Moose-Jaw_Core_Switch_02,31.41,0.22,200
Saskatoon_Core_Switch_01,22.95,0.36,200
Moose-Jaw_Core_Switch_02,14.2,0.04,200
Regina_Core_Switch_01,21.33,0.06,200
Moose-Jaw_Core_Switch_02,13.32,0.42,200
Saskatoon_Core_Switch_01,13.37,0.31,200
Saskatoon_Core_Switch_01,489.34,7.69,503
Saskatoon_Core_Switch_01,16.72,0.13,200
Moose-Jaw_Core_Switch_02,21.21,0.47,200
Saskatoon_Core_Switch_01,26.57,0.25,200
Moose-Jaw_Core_Switch_02,31.98,0.49,200
Moose-Jaw_Core_Switch_02,21.01,0.25,200
Regina_Core_Switch_01,29.8,0.5,200
Moose-Jaw_Core_Switch_02,14.06,0.46,200
Regina_Core_Switch_01,19.05,0.2,200
Moose-Jaw_Core_Switch_02,31.44,0.47,200
Regina_Core_Switch_01,34.91,0.12,200
Regina_Core_Switch_01,15.48,0.36,200
Moose-Jaw_Core_Switch_02,30.96,0.28,200
Regina_Core_Switch_01,25.05,0.1,200
Regina_Core_Switch_01,20.25,0.22,200
Saskatoon_Core_Switch_01,19.24,0.34,200
Saskatoon_Core_Switch_01,20.18,0.08,200
Moose-Jaw_Core_Switch_02,13.08,0.25,200
Regina_Core_Switch_01,22.33,0.05,200
Regina_Core_Switch_01,30.73,0.04,200
Regina_Core_Switch_01,26.45,0.25,200
Regina_Core_Switch_01,23.53,0.29,200
Moose-Jaw_Core_Switch_02,32.44,0.47,200
Moose-Jaw_Core_Switch_02,34.81,0.19,200
Saskatoon_Core_Switch_01,19.0,0.39,200
Regina_Core_Switch_01,30.74,0.47,200
Regina_Core_Switch_01,34.53,0.48,200
Moose-Jaw_Core_Switch_02,24.57,0.15,200
Saskatoon_Core_Switch_01,17.5,0.01,200
Saskatoon_Core_Switch_01,31.88,0.33,200
Regina_Core_Switch_01,12.77,0.38,200
Saskatoon_Core_Switch_01,20.17,0.14,200
Saskatoon_Core_Switch_01,28.75,0.33,200
Regina_Core_Switch_01,438.81,17.68,503
Regina_Core_Switch_01,13.49,0.31,200
Saskatoon_Core_Switch_01,13.81,0.1,200
Moose-Jaw_Core_Switch_02,13.85,0.42,200
Moose-Jaw_Core_Switch_02,22.31,0.47,200
Saskatoon_Core_Switch_01,34.87,0.32,200
Saskatoon_Core_Switch_01,24.05,0.18,200
Moose-Jaw_Core_Switch_02,25.56,0.15,200
Saskatoon_Core_Switch_01,30.01,0.3,200
Moose-Jaw_Core_Switch_02,24.81,0.13,200
Moose-Jaw_Core_Switch_02,33.11,0.47,200
Saskatoon_Core_Switch_01,15.22,0.05,200
Regina_Core_Switch_01,18.32,0.08,200
Moose-Jaw_Core_Switch_02,28.98,0.38,200
Saskatoon_Core_Switch_01,17.98,0.07,200
Saskatoon_Core_Switch_01,15.7,0.14,200
Regina_Core_Switch_01,12.11,0.5,200
Regina_Core_Switch_01,30.98,0.45,200
Moose-Jaw_Core_Switch_02,32.82,0.27,200
Regina_Core_Switch_01,33.55,0.31,200
Regina_Core_Switch_01,17.82,0.35,200
Moose-Jaw_Core_Switch_02,29.66,0.01,200
Regina_Core_Switch_01,17.74,0.2,200
Regina_Core_Switch_01,29.07,0.3,200
Saskatoon_Core_Switch_01,10.29,0.5,200
Regina_Core_Switch_01,33.67,0.19,200
Moose-Jaw_Core_Switch_02,20.34,0.29,200
Regina_Core_Switch_01,18.6,0.33,200
Moose-Jaw_Core_Switch_02,11.06,0.11,200
Saskatoon_Core_Switch_01,21.93,0.29,200
Saskatoon_Core_Switch_01,19.74,0.08,200
Moose-Jaw_Core_Switch_02,22.25,0.48,200
Regina_Core_Switch_01,22.09,0.19,200
Saskatoon_Core_Switch_01,12.67,0.49,200
Moose-Jaw_Core_Switch_02,19.18,0.11,200
Moose-Jaw_Core_Switch_02,21.78,0.1,200
Saskatoon_Core_Switch_01,24.67,0.39,200
Regina_Core_Switch_01,20.12,0.46,200
Regina_Core_Switch_01,22.24,0.29,200
Regina_Core_Switch_01,31.47,0.23,200
Regina_Core_Switch_01,33.73,0.43,200
Saskatoon_Core_Switch_01,18.2,0.45,200
Moose-Jaw_Core_Switch_02,32.5,0.33,200
Regina_Core_Switch_01,13.18,0.27,200
Regina_Core_Switch_01,22.84,0.48,200
Regina_Core_Switch_01,26.62,0.42,200
Saskatoon_Core_Switch_01,14.05,0.07,200
Saskatoon_Core_Switch_01,30.93,0.31,200
Regina_Core_Switch_01,23.81,0.07,200
Moose-Jaw_Core_Switch_02,14.42,0.3,200
Saskatoon_Core_Switch_01,22.37,0.12,200
Regina_Core_Switch_01,30.8,0.37,200
Regina_Core_Switch_01,19.94,0.2,200
Regina_Core_Switch_01,28.63,0.25,200
Moose-Jaw_Core_Switch_02,17.88,0.29,200
Moose-Jaw_Core_Switch_02,13.51,0.49,200
Regina_Core_Switch_01,19.29,0.06,200
Regina_Core_Switch_01,19.52,0.24,200
Moose-Jaw_Core_Switch_02,30.96,0.1,200
Regina_Core_Switch_01,301.59,7.97,503
Moose-Jaw_Core_Switch_02,26.03,0.5,200
Regina_Core_Switch_01,19.95,0.34,200
Moose-Jaw_Core_Switch_02,13.18,0.42,200
Saskatoon_Core_Switch_01,21.05,0.1,200
Saskatoon_Core_Switch_01,11.51,0.44,200
Saskatoon_Core_Switch_01,26.56,0.34,200
Regina_Core_Switch_01,365.93,11.76,503
Moose-Jaw_Core_Switch_02,22.24,0.31,200
Moose-Jaw_Core_Switch_02,16.77,0.17,200
Moose-Jaw_Core_Switch_02,15.41,0.4,200
Regina_Core_Switch_01,13.01,0.09,200
Moose-Jaw_Core_Switch_02,16.46,0.23,200
Saskatoon_Core_Switch_01,11.87,0.11,200
Regina_Core_Switch_01,29.91,0.22,200
Moose-Jaw_Core_Switch_02,31.71,0.5,200
Moose-Jaw_Core_Switch_02,21.11,0.41,200
Regina_Core_Switch_01,21.87,0.02,200
Saskatoon_Core_Switch_01,29.25,0.19,200
Saskatoon_Core_Switch_01,19.32,0.44,200
Regina_Core_Switch_01,20.47,0.14,200
Moose-Jaw_Core_Switch_02,14.9,0.27,200
Saskatoon_Core_Switch_01,15.05,0.17,200
Moose-Jaw_Core_Switch_02,14.06,0.37,200
Saskatoon_Core_Switch_01,19.82,0.29,200
Regina_Core_Switch_01,34.68,0.06,200
Moose-Jaw_Core_Switch_02,13.7,0.28,200
Moose-Jaw_Core_Switch_02,19.01,0.3,200
Moose-Jaw_Core_Switch_02,25.76,0.21,200
Regina_Core_Switch_01,23.63,0.45,200
Moose-Jaw_Core_Switch_02,26.56,0.39,200
Moose-Jaw_Core_Switch_02,29.08,0.4,200
Saskatoon_Core_Switch_01,31.24,0.15,200
Regina_Core_Switch_01,17.52,0.23,200
Moose-Jaw_Core_Switch_02,14.67,0.26,200
Regina_Core_Switch_01,18.89,0.08,200
Saskatoon_Core_Switch_01,31.69,0.49,200
Moose-Jaw_Core_Switch_02,17.92,0.18,200
Saskatoon_Core_Switch_01,23.08,0.25,200
Saskatoon_Core_Switch_01,23.56,0.04,200
Saskatoon_Core_Switch_01,32.04,0.04,200
Moose-Jaw_Core_Switch_02,33.59,0.24,200
Regina_Core_Switch_01,13.11,0.22,200
Moose-Jaw_Core_Switch_02,10.06,0.02,200
Saskatoon_Core_Switch_01,34.9,0.23,200
Saskatoon_Core_Switch_01,30.06,0.1,200
Moose-Jaw_Core_Switch_02,14.99,0.44,200
Regina_Core_Switch_01,27.5,0.4,200
Regina_Core_Switch_01,11.65,0.07,200
Regina_Core_Switch_01,17.12,0.4,200
Regina_Core_Switch_01,30.23,0.13,200
Regina_Core_Switch_01,13.23,0.09,200
Moose-Jaw_Core_Switch_02,33.89,0.08,200
Regina_Core_Switch_01,13.14,0.18,200
Moose-Jaw_Core_Switch_02,18.37,0.01,200
Saskatoon_Core_Switch_01,12.29,0.33,200
Saskatoon_Core_Switch_01,11.62,0.21,200
Moose-Jaw_Core_Switch_02,23.97,0.38,200
Saskatoon_Core_Switch_01,24.78,0.33,200
Saskatoon_Core_Switch_01,29.94,0.46,200
Moose-Jaw_Core_Switch_02,21.97,0.14,200
Regina_Core_Switch_01,23.21,0.41,200
Moose-Jaw_Core_Switch_02,26.09,0.46,200
Moose-Jaw_Core_Switch_02,27.86,0.35,200
Moose-Jaw_Core_Switch_02,33.25,0.08,200
Saskatoon_Core_Switch_01,21.88,0.06,200
Regina_Core_Switch_01,15.63,0.14,200
Saskatoon_Core_Switch_01,32.14,0.27,200
Regina_Core_Switch_01,13.46,0.02,200
Moose-Jaw_Core_Switch_02,27.44,0.3,200
Saskatoon_Core_Switch_01,33.66,0.35,200
Saskatoon_Core_Switch_01,18.02,0.14,200
Saskatoon_Core_Switch_01,26.14,0.46,200
Moose-Jaw_Core_Switch_02,22.24,0.15,200
Moose-Jaw_Core_Switch_02,10.27,0.29,200
Regina_Core_Switch_01,20.53,0.33,200
Regina_Core_Switch_01,21.35,0.19,200
Regina_Core_Switch_01,20.07,0.38,200
Moose-Jaw_Core_Switch_02,328.55,6.79,503
Regina_Core_Switch_01,26.38,0.31,200
Saskatoon_Core_Switch_01,15.93,0.34,200
Saskatoon_Core_Switch_01,17.98,0.17,200
Saskatoon_Core_Switch_01,32.93,0.48,200
Saskatoon_Core_Switch_01,33.86,0.24,200
Regina_Core_Switch_01,27.37,0.43,200
Saskatoon_Core_Switch_01,20.21,0.46,200
Saskatoon_Core_Switch_01,20.69,0.49,200
Moose-Jaw_Core_Switch_02,19.87,0.41,200
Moose-Jaw_Core_Switch_02,14.3,0.29,200
Regina_Core_Switch_01,34.62,0.25,200
Regina_Core_Switch_01,33.58,0.48,200
Regina_Core_Switch_01,21.02,0.07,200
Moose-Jaw_Core_Switch_02,14.8,0.02,200
Moose-Jaw_Core_Switch_02,30.97,0.13,200
Saskatoon_Core_Switch_01,11.89,0.41,200
Saskatoon_Core_Switch_01,16.15,0.43,200
Saskatoon_Core_Switch_01,10.42,0.21,200
Regina_Core_Switch_01,13.45,0.05,200
Regina_Core_Switch_01,25.51,0.24,200
Moose-Jaw_Core_Switch_02,10.49,0.43,200
Saskatoon_Core_Switch_01,31.0,0.43,200
Regina_Core_Switch_01,15.98,0.36,200
Regina_Core_Switch_01,18.54,0.18,200
Regina_Core_Switch_01,25.85,0.41,200
Saskatoon_Core_Switch_01,24.76,0.12,200
Saskatoon_Core_Switch_01,17.25,0.25,200
Regina_Core_Switch_01,24.51,0.13,200
Saskatoon_Core_Switch_01,11.1,0.1,200
Moose-Jaw_Core_Switch_02,28.77,0.48,200
Saskatoon_Core_Switch_01,19.09,0.41,200
Saskatoon_Core_Switch_01,33.16,0.07,200
Saskatoon_Core_Switch_01,22.53,0.02,200
Saskatoon_Core_Switch_01,32.17,0.26,200
Regina_Core_Switch_01,28.9,0.09,200
Saskatoon_Core_Switch_01,24.17,0.31,200
Moose-Jaw_Core_Switch_02,22.84,0.31,200
Moose-Jaw_Core_Switch_02,29.74,0.11,200
Moose-Jaw_Core_Switch_02,26.68,0.33,200
Moose-Jaw_Core_Switch_02,10.25,0.04,200
Regina_Core_Switch_01,26.74,0.09,200
Moose-Jaw_Core_Switch_02,32.85,0.31,200
Moose-Jaw_Core_Switch_02,28.84,0.21,200
Regina_Core_Switch_01,13.89,0.21,200
Moose-Jaw_Core_Switch_02,18.75,0.03,200
Moose-Jaw_Core_Switch_02,13.91,0.01,200
Moose-Jaw_Core_Switch_02,14.8,0.3,200
Saskatoon_Core_Switch_01,25.41,0.16,200
Moose-Jaw_Core_Switch_02,34.31,0.12,200
Saskatoon_Core_Switch_01,13.22,0.4,200
Saskatoon_Core_Switch_01,10.4,0.38,200
Moose-Jaw_Core_Switch_02,30.76,0.16,200
Regina_Core_Switch_01,27.0,0.06,200
Saskatoon_Core_Switch_01,11.2,0.49,200
Saskatoon_Core_Switch_01,20.4,0.05,200
Moose-Jaw_Core_Switch_02,25.53,0.5,200
Moose-Jaw_Core_Switch_02,10.15,0.19,200
Saskatoon_Core_Switch_01,25.33,0.2,200
Saskatoon_Core_Switch_01,22.97,0.25,200
Saskatoon_Core_Switch_01,20.35,0.48,200
Saskatoon_Core_Switch_01,16.5,0.31,200
Moose-Jaw_Core_Switch_02,25.23,0.16,200
Regina_Core_Switch_01,22.17,0.04,200
Moose-Jaw_Core_Switch_02,26.31,0.15,200
Moose-Jaw_Core_Switch_02,25.39,0.11,200
Regina_Core_Switch_01,29.46,0.35,200
Moose-Jaw_Core_Switch_02,32.9,0.15,200
Regina_Core_Switch_01,15.79,0.24,200
Saskatoon_Core_Switch_01,16.94,0.47,200
Moose-Jaw_Core_Switch_02,26.46,0.03,200
Regina_Core_Switch_01,27.07,0.48,200
Regina_Core_Switch_01,28.58,0.49,200
Saskatoon_Core_Switch_01,13.92,0.13,200
Moose-Jaw_Core_Switch_02,11.5,0.04,200
Saskatoon_Core_Switch_01,16.17,0.01,200
Moose-Jaw_Core_Switch_02,26.28,0.17,200
Saskatoon_Core_Switch_01,29.2,0.38,200
Moose-Jaw_Core_Switch_02,31.32,0.36,200
Regina_Core_Switch_01,31.01,0.29,200
Regina_Core_Switch_01,19.18,0.21,200
Regina_Core_Switch_01,31.82,0.22,200
Saskatoon_Core_Switch_01,15.13,0.05,200
Saskatoon_Core_Switch_01,11.85,0.17,200
Moose-Jaw_Core_Switch_02,18.36,0.11,200
Moose-Jaw_Core_Switch_02,31.22,0.21,200
Regina_Core_Switch_01,26.63,0.08,200
Regina_Core_Switch_01,23.21,0.43,200
Regina_Core_Switch_01,16.72,0.41,200
Saskatoon_Core_Switch_01,24.52,0.07,200
Regina_Core_Switch_01,34.56,0.09,200
Regina_Core_Switch_01,12.03,0.26,200
Saskatoon_Core_Switch_01,24.57,0.31,200
Saskatoon_Core_Switch_01,11.03,0.46,200
Saskatoon_Core_Switch_01,26.63,0.46,200
Regina_Core_Switch_01,29.98,0.03,200
Regina_Core_Switch_01,11.06,0.16,200
Regina_Core_Switch_01,32.11,0.15,200
Regina_Core_Switch_01,12.58,0.44,200
Moose-Jaw_Core_Switch_02,33.82,0.37,200
Moose-Jaw_Core_Switch_02,19.52,0.14,200
Saskatoon_Core_Switch_01,26.26,0.48,200
Regina_Core_Switch_01,25.97,0.02,200
Moose-Jaw_Core_Switch_02,24.38,0.22,200
Saskatoon_Core_Switch_01,17.59,0.06,200
Regina_Core_Switch_01,16.28,0.02,200
Regina_Core_Switch_01,24.8,0.28,200
Saskatoon_Core_Switch_01,26.52,0.38,200
Saskatoon_Core_Switch_01,28.59,0.15,200
Regina_Core_Switch_01,22.86,0.1,200
Regina_Core_Switch_01,32.04,0.47,200
Regina_Core_Switch_01,33.99,0.27,200
Regina_Core_Switch_01,26.66,0.47,200
Moose-Jaw_Core_Switch_02,33.19,0.27,200
Saskatoon_Core_Switch_01,19.68,0.22,200
Regina_Core_Switch_01,12.19,0.46,200
Saskatoon_Core_Switch_01,19.18,0.45,200
Regina_Core_Switch_01,20.75,0.18,200
Moose-Jaw_Core_Switch_02,20.93,0.18,200
Moose-Jaw_Core_Switch_02,16.78,0.14,200
Moose-Jaw_Core_Switch_02,13.15,0.37,200
Saskatoon_Core_Switch_01,26.13,0.18,200
Moose-Jaw_Core_Switch_02,18.42,0.48,200
Regina_Core_Switch_01,26.24,0.22,200
Moose-Jaw_Core_Switch_02,17.88,0.25,200
Regina_Core_Switch_01,30.05,0.4,200
Saskatoon_Core_Switch_01,22.7,0.0,200
Regina_Core_Switch_01,20.21,0.23,200
Saskatoon_Core_Switch_01,22.13,0.03,200
Moose-Jaw_Core_Switch_02,26.52,0.2,200
Moose-Jaw_Core_Switch_02,10.3,0.21,200
Moose-Jaw_Core_Switch_02,13.04,0.31,200
Saskatoon_Core_Switch_01,20.82,0.33,200
Saskatoon_Core_Switch_01,10.58,0.4,200
Moose-Jaw_Core_Switch_02,33.35,0.44,200
Saskatoon_Core_Switch_01,13.69,0.1,200
Regina_Core_Switch_01,27.7,0.46,200
Regina_Core_Switch_01,11.7,0.3,200
Moose-Jaw_Core_Switch_02,30.1,0.25,200
Regina_Core_Switch_01,12.38,0.44,200
Saskatoon_Core_Switch_01,11.67,0.42,200
Saskatoon_Core_Switch_01,32.59,0.22,200
Saskatoon_Core_Switch_01,23.16,0.25,200
Saskatoon_Core_Switch_01,33.13,0.13,200
Saskatoon_Core_Switch_01,28.3,0.43,200
Regina_Core_Switch_01,462.92,13.15,503
Saskatoon_Core_Switch_01,32.93,0.44,200
Saskatoon_Core_Switch_01,14.57,0.34,200
Moose-Jaw_Core_Switch_02,24.22,0.21,200
Moose-Jaw_Core_Switch_02,19.04,0.4,200
Saskatoon_Core_Switch_01,12.29,0.14,200
Saskatoon_Core_Switch_01,19.14,0.32,200
Regina_Core_Switch_01,26.78,0.23,200
Moose-Jaw_Core_Switch_02,11.0,0.34,200
Regina_Core_Switch_01,22.42,0.49,200
Regina_Core_Switch_01,19.71,0.49,200
Moose-Jaw_Core_Switch_02,27.93,0.33,200
Regina_Core_Switch_01,31.96,0.09,200
Saskatoon_Core_Switch_01,13.92,0.49,200
Moose-Jaw_Core_Switch_02,33.06,0.35,200
Regina_Core_Switch_01,31.96,0.18,200
Regina_Core_Switch_01,13.93,0.2,200
Moose-Jaw_Core_Switch_02,21.25,0.09,200
Moose-Jaw_Core_Switch_02,26.25,0.09,200
Moose-Jaw_Core_Switch_02,29.71,0.01,200
Saskatoon_Core_Switch_01,23.24,0.2,200
Saskatoon_Core_Switch_01,27.75,0.18,200
Moose-Jaw_Core_Switch_02,32.81,0.25,200
Saskatoon_Core_Switch_01,16.84,0.1,200
Saskatoon_Core_Switch_01,21.38,0.27,200
Regina_Core_Switch_01,18.87,0.15,200
Moose-Jaw_Core_Switch_02,18.42,0.09,200
Regina_Core_Switch_01,13.41,0.19,200
Saskatoon_Core_Switch_01,19.92,0.01,200
Regina_Core_Switch_01,31.71,0.08,200
Saskatoon_Core_Switch_01,33.86,0.25,200
Regina_Core_Switch_01,32.48,0.02,200
Regina_Core_Switch_01,15.91,0.24,200
Saskatoon_Core_Switch_01,26.09,0.16,200
Saskatoon_Core_Switch_01,18.09,0.28,200
Moose-Jaw_Core_Switch_02,17.08,0.27,200
Regina_Core_Switch_01,32.7,0.03,200
Saskatoon_Core_Switch_01,24.84,0.37,200
Moose-Jaw_Core_Switch_02,11.1,0.36,200
Saskatoon_Core_Switch_01,15.32,0.26,200
Regina_Core_Switch_01,12.42,0.06,200
Moose-Jaw_Core_Switch_02,23.81,0.25,200
Saskatoon_Core_Switch_01,26.46,0.45,200
Saskatoon_Core_Switch_01,28.72,0.37,200
Moose-Jaw_Core_Switch_02,24.58,0.12,200
Regina_Core_Switch_01,33.93,0.32,200
Moose-Jaw_Core_Switch_02,33.06,0.15,200
Regina_Core_Switch_01,29.93,0.28,200
Saskatoon_Core_Switch_01,21.61,0.1,200
Saskatoon_Core_Switch_01,16.13,0.26,200
Regina_Core_Switch_01,34.78,0.12,200
Saskatoon_Core_Switch_01,19.31,0.16,200
Regina_Core_Switch_01,32.46,0.45,200
Saskatoon_Core_Switch_01,22.33,0.1,200
Regina_Core_Switch_01,31.8,0.4,200
Saskatoon_Core_Switch_01,21.59,0.36,200
Saskatoon_Core_Switch_01,11.09,0.27,200
Saskatoon_Core_Switch_01,34.9,0.34,200
Regina_Core_Switch_01,17.63,0.08,200
Saskatoon_Core_Switch_01,10.5,0.0,200
Saskatoon_Core_Switch_01,13.42,0.48,200
Moose-Jaw_Core_Switch_02,27.47,0.39,200
Moose-Jaw_Core_Switch_02,24.38,0.02,200
Moose-Jaw_Core_Switch_02,17.04,0.22,200
Moose-Jaw_Core_Switch_02,26.6,0.13,200
Moose-Jaw_Core_Switch_02,16.25,0.01,200
Saskatoon_Core_Switch_01,24.52,0.45,200
Saskatoon_Core_Switch_01,32.4,0.22,200
Saskatoon_Core_Switch_01,24.05,0.01,200
Regina_Core_Switch_01,11.29,0.41,200
Saskatoon_Core_Switch_01,10.44,0.0,200
Saskatoon_Core_Switch_01,16.89,0.42,200
Saskatoon_Core_Switch_01,12.49,0.35,200
Moose-Jaw_Core_Switch_02,14.45,0.17,200
Saskatoon_Core_Switch_01,11.09,0.41,200
Moose-Jaw_Core_Switch_02,33.89,0.43,200
Regina_Core_Switch_01,33.61,0.26,200
Moose-Jaw_Core_Switch_02,20.91,0.07,200
Moose-Jaw_Core_Switch_02,16.08,0.39,200
Moose-Jaw_Core_Switch_02,20.75,0.07,200
Saskatoon_Core_Switch_01,17.35,0.35,200
Saskatoon_Core_Switch_01,26.8,0.25,200
Moose-Jaw_Core_Switch_02,19.42,0.33,200
Regina_Core_Switch_01,24.62,0.18,200
Regina_Core_Switch_01,27.88,0.12,200
Moose-Jaw_Core_Switch_02,11.12,0.04,200
Saskatoon_Core_Switch_01,15.38,0.48,200
Regina_Core_Switch_01,12.15,0.21,200
Moose-Jaw_Core_Switch_02,14.5,0.02,200
Regina_Core_Switch_01,32.55,0.32,200
Moose-Jaw_Core_Switch_02,32.3,0.47,200
Saskatoon_Core_Switch_01,29.58,0.13,200
Saskatoon_Core_Switch_01,33.14,0.45,200
Regina_Core_Switch_01,24.64,0.28,200
Regina_Core_Switch_01,10.95,0.07,200
Moose-Jaw_Core_Switch_02,25.22,0.42,200
Saskatoon_Core_Switch_01,18.75,0.16,200
Moose-Jaw_Core_Switch_02,34.09,0.37,200
Moose-Jaw_Core_Switch_02,13.75,0.45,200
Regina_Core_Switch_01,23.49,0.12,200
Moose-Jaw_Core_Switch_02,26.91,0.14,200
Regina_Core_Switch_01,23.61,0.36,200
Regina_Core_Switch_01,21.74,0.33,200
Saskatoon_Core_Switch_01,34.92,0.43,200
Regina_Core_Switch_01,10.39,0.08,200
Regina_Core_Switch_01,20.59,0.38,200
Saskatoon_Core_Switch_01,374.39,10.82,503
Saskatoon_Core_Switch_01,22.65,0.08,200
Saskatoon_Core_Switch_01,18.29,0.03,200
Regina_Core_Switch_01,32.95,0.37,200
Saskatoon_Core_Switch_01,13.55,0.38,200
Saskatoon_Core_Switch_01,29.77,0.34,200
Moose-Jaw_Core_Switch_02,29.27,0.08,200
Saskatoon_Core_Switch_01,16.25,0.27,200
Regina_Core_Switch_01,10.59,0.38,200
Moose-Jaw_Core_Switch_02,23.34,0.09,200
Regina_Core_Switch_01,11.0,0.08,200
Saskatoon_Core_Switch_01,29.64,0.23,200
Moose-Jaw_Core_Switch_02,16.21,0.08,200
Regina_Core_Switch_01,30.13,0.46,200
Saskatoon_Core_Switch_01,33.45,0.21,200
Saskatoon_Core_Switch_01,10.92,0.16,200
Moose-Jaw_Core_Switch_02,11.41,0.09,200
Regina_Core_Switch_01,29.7,0.04,200
Saskatoon_Core_Switch_01,24.88,0.47,200
Moose-Jaw_Core_Switch_02,10.25,0.23,200
Regina_Core_Switch_01,26.44,0.5,200
Moose-Jaw_Core_Switch_02,11.12,0.39,200
Regina_Core_Switch_01,31.15,0.07,200
Regina_Core_Switch_01,14.25,0.47,200
Saskatoon_Core_Switch_01,14.02,0.19,200
Regina_Core_Switch_01,16.3,0.16,200
Saskatoon_Core_Switch_01,19.41,0.44,200
Saskatoon_Core_Switch_01,22.62,0.43,200
Saskatoon_Core_Switch_01,10.47,0.39,200
Saskatoon_Core_Switch_01,32.16,0.42,200
Saskatoon_Core_Switch_01,13.24,0.39,200
Regina_Core_Switch_01,16.45,0.2,200
Regina_Core_Switch_01,12.85,0.47,200
Moose-Jaw_Core_Switch_02,24.58,0.19,200
Regina_Core_Switch_01,15.49,0.45,200
Saskatoon_Core_Switch_01,27.54,0.15,200
Regina_Core_Switch_01,25.85,0.37,200
Saskatoon_Core_Switch_01,34.38,0.36,200
Saskatoon_Core_Switch_01,15.01,0.15,200
Regina_Core_Switch_01,16.45,0.28,200
Regina_Core_Switch_01,33.66,0.45,200
Moose-Jaw_Core_Switch_02,23.23,0.09,200
Regina_Core_Switch_01,29.94,0.23,200
Saskatoon_Core_Switch_01,24.94,0.09,200
Regina_Core_Switch_01,22.72,0.14,200
Regina_Core_Switch_01,34.03,0.41,200
Saskatoon_Core_Switch_01,25.57,0.34,200
Moose-Jaw_Core_Switch_02,13.04,0.07,200
Saskatoon_Core_Switch_01,26.76,0.13,200
Saskatoon_Core_Switch_01,29.17,0.26,200
Saskatoon_Core_Switch_01,20.85,0.08,200
Regina_Core_Switch_01,14.14,0.01,200
Moose-Jaw_Core_Switch_02,24.35,0.03,200
Saskatoon_Core_Switch_01,21.34,0.18,200
Saskatoon_Core_Switch_01,18.69,0.43,200
Saskatoon_Core_Switch_01,27.63,0.01,200
Moose-Jaw_Core_Switch_02,392.81,10.67,503
Saskatoon_Core_Switch_01,14.69,0.48,200
Moose-Jaw_Core_Switch_02,19.62,0.16,200
Moose-Jaw_Core_Switch_02,20.76,0.16,200
Moose-Jaw_Core_Switch_02,31.52,0.24,200
Regina_Core_Switch_01,26.7,0.47,200
Saskatoon_Core_Switch_01,32.56,0.39,200
Moose-Jaw_Core_Switch_02,28.6,0.14,200
Saskatoon_Core_Switch_01,31.73,0.28,200
Moose-Jaw_Core_Switch_02,17.2,0.29,200
Saskatoon_Core_Switch_01,10.23,0.23,200
Moose-Jaw_Core_Switch_02,10.87,0.14,200
Saskatoon_Core_Switch_01,11.56,0.41,200
Regina_Core_Switch_01,20.51,0.36,200
Moose-Jaw_Core_Switch_02,29.36,0.43,200
Moose-Jaw_Core_Switch_02,17.21,0.17,200
Saskatoon_Core_Switch_01,13.5,0.09,200
Moose-Jaw_Core_Switch_02,32.2,0.32,200
Moose-Jaw_Core_Switch_02,11.33,0.19,200
Saskatoon_Core_Switch_01,27.1,0.11,200
Moose-Jaw_Core_Switch_02,30.05,0.39,200
Moose-Jaw_Core_Switch_02,12.25,0.35,200
Regina_Core_Switch_01,25.92,0.21,200
Saskatoon_Core_Switch_01,26.32,0.4,200
Moose-Jaw_Core_Switch_02,25.99,0.01,200
Saskatoon_Core_Switch_01,30.18,0.29,200
Regina_Core_Switch_01,18.57,0.16,200
Moose-Jaw_Core_Switch_02,12.37,0.2,200
Moose-Jaw_Core_Switch_02,29.84,0.31,200
Moose-Jaw_Core_Switch_02,33.4,0.29,200
Moose-Jaw_Core_Switch_02,13.72,0.12,200
Saskatoon_Core_Switch_01,28.49,0.23,200
Moose-Jaw_Core_Switch_02,11.47,0.21,200
Saskatoon_Core_Switch_01,29.78,0.23,200
Regina_Core_Switch_01,26.73,0.19,200
Regina_Core_Switch_01,23.33,0.08,200
Saskatoon_Core_Switch_01,33.8,0.11,200
Saskatoon_Core_Switch_01,22.62,0.11,200
Saskatoon_Core_Switch_01,27.85,0.16,200
Regina_Core_Switch_01,21.96,0.11,200
Regina_Core_Switch_01,10.9,0.0,200
Saskatoon_Core_Switch_01,19.71,0.17,200
Regina_Core_Switch_01,32.04,0.39,200
Saskatoon_Core_Switch_01,15.7,0.34,200
Saskatoon_Core_Switch_01,17.66,0.41,200
Regina_Core_Switch_01,27.57,0.41,200
Saskatoon_Core_Switch_01,21.54,0.2,200
Saskatoon_Core_Switch_01,24.51,0.46,200
Saskatoon_Core_Switch_01,20.85,0.41,200
Saskatoon_Core_Switch_01,24.59,0.33,200
Regina_Core_Switch_01,32.51,0.11,200
Saskatoon_Core_Switch_01,23.28,0.22,200
Moose-Jaw_Core_Switch_02,23.0,0.3,200
Regina_Core_Switch_01,29.5,0.06,200
Saskatoon_Core_Switch_01,24.36,0.07,200
Regina_Core_Switch_01,25.02,0.19,200
Regina_Core_Switch_01,22.56,0.0,200
Saskatoon_Core_Switch_01,28.3,0.19,200
Regina_Core_Switch_01,26.04,0.15,200
Regina_Core_Switch_01,15.34,0.41,200
Moose-Jaw_Core_Switch_02,17.71,0.23,200
Saskatoon_Core_Switch_01,22.88,0.13,200
Saskatoon_Core_Switch_01,20.87,0.33,200
Saskatoon_Core_Switch_01,17.99,0.45,200
Moose-Jaw_Core_Switch_02,17.22,0.02,200
Moose-Jaw_Core_Switch_02,32.42,0.39,200
Regina_Core_Switch_01,26.62,0.45,200
Moose-Jaw_Core_Switch_02,20.96,0.47,200
Moose-Jaw_Core_Switch_02,24.29,0.22,200
Moose-Jaw_Core_Switch_02,30.18,0.2,200
Moose-Jaw_Core_Switch_02,29.26,0.31,200
Regina_Core_Switch_01,27.36,0.33,200
Moose-Jaw_Core_Switch_02,10.59,0.2,200
Regina_Core_Switch_01,21.13,0.37,200
Saskatoon_Core_Switch_01,12.38,0.35,200
Saskatoon_Core_Switch_01,18.48,0.37,200
Moose-Jaw_Core_Switch_02,31.91,0.01,200
Moose-Jaw_Core_Switch_02,13.98,0.33,200
Regina_Core_Switch_01,25.41,0.43,200
Moose-Jaw_Core_Switch_02,16.66,0.14,200
Saskatoon_Core_Switch_01,28.18,0.47,200
Saskatoon_Core_Switch_01,30.44,0.33,200
Moose-Jaw_Core_Switch_02,26.43,0.11,200
Regina_Core_Switch_01,31.14,0.47,200
Moose-Jaw_Core_Switch_02,25.83,0.05,200
Saskatoon_Core_Switch_01,456.05,18.62,503
Regina_Core_Switch_01,29.61,0.4,200
Moose-Jaw_Core_Switch_02,29.75,0.0,200
Regina_Core_Switch_01,22.45,0.09,200
Moose-Jaw_Core_Switch_02,28.06,0.23,200
Moose-Jaw_Core_Switch_02,17.06,0.14,200
Saskatoon_Core_Switch_01,29.44,0.27,200
Moose-Jaw_Core_Switch_02,30.26,0.06,200
Moose-Jaw_Core_Switch_02,10.91,0.29,200
Moose-Jaw_Core_Switch_02,20.19,0.16,200
Saskatoon_Core_Switch_01,11.68,0.23,200
Moose-Jaw_Core_Switch_02,17.25,0.38,200
Saskatoon_Core_Switch_01,17.02,0.19,200
Saskatoon_Core_Switch_01,10.29,0.27,200
Saskatoon_Core_Switch_01,34.62,0.46,200
Moose-Jaw_Core_Switch_02,34.39,0.26,200
Saskatoon_Core_Switch_01,22.17,0.45,200
Moose-Jaw_Core_Switch_02,30.86,0.18,200
Regina_Core_Switch_01,32.35,0.45,200
Regina_Core_Switch_01,33.62,0.03,200
Moose-Jaw_Core_Switch_02,28.95,0.19,200
Saskatoon_Core_Switch_01,13.77,0.03,200
Saskatoon_Core_Switch_01,32.87,0.27,200
Saskatoon_Core_Switch_01,27.97,0.4,200
Moose-Jaw_Core_Switch_02,24.85,0.26,200
Saskatoon_Core_Switch_01,33.99,0.39,200
Regina_Core_Switch_01,31.05,0.35,200
Saskatoon_Core_Switch_01,11.59,0.2,200
Regina_Core_Switch_01,30.87,0.14,200
Saskatoon_Core_Switch_01,32.96,0.25,200
Moose-Jaw_Core_Switch_02,15.83,0.03,200
Regina_Core_Switch_01,25.73,0.16,200
Saskatoon_Core_Switch_01,31.27,0.17,200
Moose-Jaw_Core_Switch_02,22.11,0.02,200
Moose-Jaw_Core_Switch_02,25.8,0.19,200
Regina_Core_Switch_01,15.54,0.19,200
Saskatoon_Core_Switch_01,16.68,0.1,200
Moose-Jaw_Core_Switch_02,17.6,0.29,200
Regina_Core_Switch_01,21.85,0.09,200
Regina_Core_Switch_01,16.97,0.45,200
Regina_Core_Switch_01,14.76,0.1,200
Moose-Jaw_Core_Switch_02,32.75,0.32,200
Saskatoon_Core_Switch_01,33.3,0.13,200
Regina_Core_Switch_01,31.54,0.19,200
Regina_Core_Switch_01,14.41,0.0,200
Moose-Jaw_Core_Switch_02,34.03,0.46,200
Saskatoon_Core_Switch_01,13.36,0.16,200
Moose-Jaw_Core_Switch_02,33.42,0.38,200
Moose-Jaw_Core_Switch_02,29.2,0.38,200
Saskatoon_Core_Switch_01,13.19,0.25,200
Regina_Core_Switch_01,32.54,0.13,200
Moose-Jaw_Core_Switch_02,18.13,0.37,200
Regina_Core_Switch_01,26.37,0.16,200
Regina_Core_Switch_01,14.96,0.16,200
Moose-Jaw_Core_Switch_02,25.92,0.22,200
Saskatoon_Core_Switch_01,23.83,0.46,200
Moose-Jaw_Core_Switch_02,31.72,0.42,200
Moose-Jaw_Core_Switch_02,22.63,0.04,200
Moose-Jaw_Core_Switch_02,22.94,0.44,200
Saskatoon_Core_Switch_01,31.23,0.06,200
Regina_Core_Switch_01,14.53,0.25,200
Moose-Jaw_Core_Switch_02,13.88,0.08,200
Moose-Jaw_Core_Switch_02,28.17,0.03,200
Saskatoon_Core_Switch_01,14.36,0.49,200
Moose-Jaw_Core_Switch_02,26.18,0.36,200
Moose-Jaw_Core_Switch_02,32.44,0.12,200
Saskatoon_Core_Switch_01,32.88,0.21,200
Saskatoon_Core_Switch_01,28.95,0.19,200
Saskatoon_Core_Switch_01,26.31,0.17,200
Saskatoon_Core_Switch_01,16.25,0.44,200
Saskatoon_Core_Switch_01,26.19,0.19,200
Saskatoon_Core_Switch_01,28.61,0.44,200
Regina_Core_Switch_01,33.43,0.04,200
Moose-Jaw_Core_Switch_02,34.63,0.03,200
Moose-Jaw_Core_Switch_02,32.74,0.16,200
Regina_Core_Switch_01,10.52,0.12,200
Moose-Jaw_Core_Switch_02,20.22,0.39,200
Moose-Jaw_Core_Switch_02,15.88,0.1,200
Saskatoon_Core_Switch_01,24.96,0.4,200
Moose-Jaw_Core_Switch_02,33.61,0.21,200
Moose-Jaw_Core_Switch_02,13.21,0.49,200
Saskatoon_Core_Switch_01,23.98,0.06,200
Regina_Core_Switch_01,23.99,0.16,200
Regina_Core_Switch_01,20.15,0.02,200
Saskatoon_Core_Switch_01,26.54,0.01,200
Moose-Jaw_Core_Switch_02,27.96,0.39,200
Moose-Jaw_Core_Switch_02,23.51,0.33,200
Saskatoon_Core_Switch_01,27.38,0.37,200
Moose-Jaw_Core_Switch_02,26.66,0.25,200
Moose-Jaw_Core_Switch_02,28.03,0.41,200
Saskatoon_Core_Switch_01,29.76,0.4,200
Moose-Jaw_Core_Switch_02,26.56,0.16,200
Regina_Core_Switch_01,13.65,0.07,200
Moose-Jaw_Core_Switch_02,18.31,0.19,200
Moose-Jaw_Core_Switch_02,32.72,0.21,200
Regina_Core_Switch_01,21.59,0.32,200
Regina_Core_Switch_01,21.73,0.46,200
Moose-Jaw_Core_Switch_02,29.31,0.15,200
Saskatoon_Core_Switch_01,25.33,0.18,200
Saskatoon_Core_Switch_01,25.0,0.05,200
Regina_Core_Switch_01,32.8,0.29,200
Moose-Jaw_Core_Switch_02,27.58,0.06,200
Moose-Jaw_Core_Switch_02,31.02,0.24,200
Saskatoon_Core_Switch_01,30.99,0.18,200
Moose-Jaw_Core_Switch_02,11.78,0.39,200
Saskatoon_Core_Switch_01,10.42,0.02,200
Saskatoon_Core_Switch_01,15.72,0.28,200
Moose-Jaw_Core_Switch_02,29.94,0.08,200
Saskatoon_Core_Switch_01,16.12,0.44,200
Saskatoon_Core_Switch_01,15.05,0.17,200
Regina_Core_Switch_01,24.27,0.18,200
Regina_Core_Switch_01,19.69,0.33,200
Saskatoon_Core_Switch_01,11.97,0.08,200
Regina_Core_Switch_01,19.43,0.2,200
Saskatoon_Core_Switch_01,17.16,0.49,200
Regina_Core_Switch_01,18.37,0.27,200
Saskatoon_Core_Switch_01,28.98,0.49,200
Regina_Core_Switch_01,10.71,0.43,200
Regina_Core_Switch_01,14.26,0.05,200
Moose-Jaw_Core_Switch_02,17.33,0.47,200
Saskatoon_Core_Switch_01,11.16,0.41,200
Regina_Core_Switch_01,28.97,0.42,200
Regina_Core_Switch_01,10.73,0.11,200
Saskatoon_Core_Switch_01,33.61,0.48,200
Saskatoon_Core_Switch_01,18.62,0.39,200
Saskatoon_Core_Switch_01,19.43,0.43,200
Moose-Jaw_Core_Switch_02,33.39,0.32,200
Saskatoon_Core_Switch_01,20.4,0.44,200
Moose-Jaw_Core_Switch_02,25.81,0.3,200
Moose-Jaw_Core_Switch_02,12.15,0.05,200
Moose-Jaw_Core_Switch_02,31.5,0.36,200
Moose-Jaw_Core_Switch_02,23.21,0.02,200
Saskatoon_Core_Switch_01,31.65,0.26,200
Moose-Jaw_Core_Switch_02,28.32,0.3,200
Moose-Jaw_Core_Switch_02,15.87,0.13,200
Regina_Core_Switch_01,29.76,0.4,200
Moose-Jaw_Core_Switch_02,31.25,0.43,200
Moose-Jaw_Core_Switch_02,31.76,0.27,200
Saskatoon_Core_Switch_01,14.13,0.1,200
Saskatoon_Core_Switch_01,25.59,0.36,200
Saskatoon_Core_Switch_01,29.39,0.09,200
Regina_Core_Switch_01,11.92,0.38,200
Saskatoon_Core_Switch_01,27.92,0.04,200
Regina_Core_Switch_01,15.37,0.06,200
Saskatoon_Core_Switch_01,11.77,0.01,200
Moose-Jaw_Core_Switch_02,13.06,0.21,200
Saskatoon_Core_Switch_01,28.05,0.37,200
Moose-Jaw_Core_Switch_02,25.71,0.33,200
Regina_Core_Switch_01,32.09,0.08,200
Moose-Jaw_Core_Switch_02,26.11,0.45,200
Regina_Core_Switch_01,34.5,0.48,200
Regina_Core_Switch_01,18.22,0.23,200
Regina_Core_Switch_01,24.12,0.23,200
Saskatoon_Core_Switch_01,34.36,0.25,200
Regina_Core_Switch_01,29.43,0.24,200
Saskatoon_Core_Switch_01,12.04,0.44,200
Moose-Jaw_Core_Switch_02,10.06,0.46,200
Saskatoon_Core_Switch_01,27.62,0.41,200
Regina_Core_Switch_01,19.5,0.48,200
Regina_Core_Switch_01,27.61,0.05,200
Saskatoon_Core_Switch_01,10.23,0.46,200
Moose-Jaw_Core_Switch_02,26.21,0.44,200
Regina_Core_Switch_01,32.74,0.2,200
Regina_Core_Switch_01,15.41,0.32,200
Moose-Jaw_Core_Switch_02,22.41,0.14,200
Saskatoon_Core_Switch_01,15.04,0.26,200
Saskatoon_Core_Switch_01,34.82,0.35,200
Saskatoon_Core_Switch_01,32.64,0.02,200
Moose-Jaw_Core_Switch_02,13.77,0.18,200
Regina_Core_Switch_01,34.0,0.06,200
Regina_Core_Switch_01,32.23,0.26,200
Regina_Core_Switch_01,31.37,0.42,200
Moose-Jaw_Core_Switch_02,11.73,0.24,200
Saskatoon_Core_Switch_01,21.65,0.08,200
Saskatoon_Core_Switch_01,315.99,5.18,503
Moose-Jaw_Core_Switch_02,30.6,0.12,200
Saskatoon_Core_Switch_01,10.16,0.48,200
Moose-Jaw_Core_Switch_02,19.82,0.2,200
Moose-Jaw_Core_Switch_02,29.17,0.29,200
Regina_Core_Switch_01,23.82,0.1,200
Moose-Jaw_Core_Switch_02,21.14,0.27,200
Saskatoon_Core_Switch_01,32.07,0.43,200
Saskatoon_Core_Switch_01,14.86,0.15,200
Regina_Core_Switch_01,30.05,0.06,200
Saskatoon_Core_Switch_01,31.89,0.19,200
Regina_Core_Switch_01,22.26,0.33,200
Moose-Jaw_Core_Switch_02,13.0,0.19,200
Moose-Jaw_Core_Switch_02,20.13,0.29,200
Saskatoon_Core_Switch_01,12.19,0.25,200
Moose-Jaw_Core_Switch_02,25.75,0.2,200
Moose-Jaw_Core_Switch_02,16.21,0.47,200
Moose-Jaw_Core_Switch_02,17.33,0.32,200
Moose-Jaw_Core_Switch_02,23.3,0.44,200
Moose-Jaw_Core_Switch_02,28.75,0.16,200
Moose-Jaw_Core_Switch_02,23.94,0.13,200
Regina_Core_Switch_01,20.56,0.42,200
Moose-Jaw_Core_Switch_02,28.2,0.3,200
Saskatoon_Core_Switch_01,20.32,0.15,200
Moose-Jaw_Core_Switch_02,33.43,0.3,200
Moose-Jaw_Core_Switch_02,32.15,0.0,200
Moose-Jaw_Core_Switch_02,25.43,0.43,200
Moose-Jaw_Core_Switch_02,16.49,0.25,200
Saskatoon_Core_Switch_01,33.31,0.29,200
Regina_Core_Switch_01,20.28,0.3,200
Moose-Jaw_Core_Switch_02,20.46,0.37,200
Moose-Jaw_Core_Switch_02,17.53,0.35,200
Saskatoon_Core_Switch_01,33.0,0.34,200
Saskatoon_Core_Switch_01,22.58,0.35,200
Regina_Core_Switch_01,23.05,0.06,200
Saskatoon_Core_Switch_01,33.83,0.33,200
Moose-Jaw_Core_Switch_02,27.74,0.43,200
Saskatoon_Core_Switch_01,16.12,0.4,200
Regina_Core_Switch_01,31.86,0.09,200
Regina_Core_Switch_01,32.91,0.37,200
Moose-Jaw_Core_Switch_02,27.55,0.21,200
Moose-Jaw_Core_Switch_02,24.24,0.21,200
Moose-Jaw_Core_Switch_02,32.14,0.41,200
Regina_Core_Switch_01,16.41,0.07,200
Regina_Core_Switch_01,12.78,0.17,200
Saskatoon_Core_Switch_01,11.95,0.13,200
Moose-Jaw_Core_Switch_02,32.12,0.09,200
Saskatoon_Core_Switch_01,30.05,0.44,200
Moose-Jaw_Core_Switch_02,18.19,0.05,200
Regina_Core_Switch_01,25.24,0.39,200
Saskatoon_Core_Switch_01,22.26,0.28,200
Saskatoon_Core_Switch_01,24.65,0.21,200
Saskatoon_Core_Switch_01,15.51,0.24,200
Saskatoon_Core_Switch_01,14.87,0.31,200
Saskatoon_Core_Switch_01,15.8,0.35,200
Saskatoon_Core_Switch_01,23.7,0.37,200
Moose-Jaw_Core_Switch_02,18.33,0.09,200
Moose-Jaw_Core_Switch_02,33.5,0.19,200
Moose-Jaw_Core_Switch_02,34.48,0.5,200
Saskatoon_Core_Switch_01,18.86,0.41,200
Regina_Core_Switch_01,33.77,0.1,200
Regina_Core_Switch_01,22.95,0.33,200
Moose-Jaw_Core_Switch_02,11.75,0.39,200
Regina_Core_Switch_01,18.93,0.18,200
Moose-Jaw_Core_Switch_02,453.14,7.23,503
Saskatoon_Core_Switch_01,11.07,0.49,200
Saskatoon_Core_Switch_01,26.0,0.13,200
Saskatoon_Core_Switch_01,10.34,0.47,200
Moose-Jaw_Core_Switch_02,18.79,0.46,200
Regina_Core_Switch_01,13.82,0.3,200
Moose-Jaw_Core_Switch_02,17.22,0.47,200
Saskatoon_Core_Switch_01,31.25,0.13,200
Saskatoon_Core_Switch_01,32.41,0.27,200
Saskatoon_Core_Switch_01,32.59,0.39,200
Moose-Jaw_Core_Switch_02,20.6,0.23,200
Saskatoon_Core_Switch_01,24.53,0.43,200
Saskatoon_Core_Switch_01,22.44,0.42,200
Saskatoon_Core_Switch_01,22.21,0.28,200
Moose-Jaw_Core_Switch_02,34.27,0.38,200
Moose-Jaw_Core_Switch_02,33.79,0.06,200
Regina_Core_Switch_01,12.96,0.01,200
Saskatoon_Core_Switch_01,18.27,0.18,200
Saskatoon_Core_Switch_01,10.54,0.35,200
Moose-Jaw_Core_Switch_02,26.2,0.46,200
Regina_Core_Switch_01,13.07,0.26,200
Saskatoon_Core_Switch_01,33.85,0.28,200
Saskatoon_Core_Switch_01,32.45,0.33,200
Regina_Core_Switch_01,14.87,0.46,200
Moose-Jaw_Core_Switch_02,34.87,0.37,200
Moose-Jaw_Core_Switch_02,23.66,0.47,200
Saskatoon_Core_Switch_01,20.23,0.09,200
Saskatoon_Core_Switch_01,11.77,0.18,200
Moose-Jaw_Core_Switch_02,19.89,0.25,200
Saskatoon_Core_Switch_01,17.03,0.46,200
Moose-Jaw_Core_Switch_02,33.87,0.37,200
Moose-Jaw_Core_Switch_02,10.77,0.38,200
Saskatoon_Core_Switch_01,33.04,0.41,200
Moose-Jaw_Core_Switch_02,24.69,0.23,200
Moose-Jaw_Core_Switch_02,33.21,0.16,200
Regina_Core_Switch_01,30.36,0.47,200
Saskatoon_Core_Switch_01,17.72,0.04,200
Moose-Jaw_Core_Switch_02,25.24,0.29,200
Saskatoon_Core_Switch_01,16.49,0.3,200
Moose-Jaw_Core_Switch_02,15.69,0.29,200
Moose-Jaw_Core_Switch_02,16.03,0.35,200
Moose-Jaw_Core_Switch_02,31.96,0.01,200
Saskatoon_Core_Switch_01,17.03,0.21,200
Regina_Core_Switch_01,29.03,0.06,200
Moose-Jaw_Core_Switch_02,31.65,0.1,200
Regina_Core_Switch_01,11.14,0.36,200
Saskatoon_Core_Switch_01,27.33,0.1,200
Moose-Jaw_Core_Switch_02,11.23,0.35,200
Regina_Core_Switch_01,11.82,0.03,200
Saskatoon_Core_Switch_01,30.0,0.39,200
Regina_Core_Switch_01,18.17,0.32,200
Saskatoon_Core_Switch_01,28.16,0.47,200
Saskatoon_Core_Switch_01,27.86,0.06,200
Saskatoon_Core_Switch_01,18.32,0.04,200
Moose-Jaw_Core_Switch_02,28.27,0.22,200
Moose-Jaw_Core_Switch_02,24.89,0.38,200
Moose-Jaw_Core_Switch_02,21.42,0.5,200
Regina_Core_Switch_01,14.6,0.03,200
Moose-Jaw_Core_Switch_02,19.52,0.1,200
Regina_Core_Switch_01,13.67,0.16,200
Regina_Core_Switch_01,31.05,0.47,200
Moose-Jaw_Core_Switch_02,14.21,0.01,200
Moose-Jaw_Core_Switch_02,35.0,0.09,200
Regina_Core_Switch_01,15.19,0.19,200
Moose-Jaw_Core_Switch_02,25.82,0.36,200
Regina_Core_Switch_01,19.35,0.23,200
Regina_Core_Switch_01,24.43,0.04,200
Moose-Jaw_Core_Switch_02,15.07,0.3,200
Regina_Core_Switch_01,21.18,0.36,200
Moose-Jaw_Core_Switch_02,30.62,0.48,200
Moose-Jaw_Core_Switch_02,13.2,0.03,200
Regina_Core_Switch_01,26.71,0.12,200
Saskatoon_Core_Switch_01,20.1,0.43,200
Regina_Core_Switch_01,10.32,0.23,200
Saskatoon_Core_Switch_01,13.45,0.47,200
Regina_Core_Switch_01,19.92,0.47,200
Regina_Core_Switch_01,25.55,0.02,200
Saskatoon_Core_Switch_01,16.48,0.22,200
Moose-Jaw_Core_Switch_02,26.42,0.33,200
Regina_Core_Switch_01,22.66,0.14,200
Saskatoon_Core_Switch_01,17.97,0.09,200
Regina_Core_Switch_01,21.55,0.28,200
Saskatoon_Core_Switch_01,32.42,0.42,200
Regina_Core_Switch_01,416.96,12.96,503
Moose-Jaw_Core_Switch_02,10.37,0.12,200
Moose-Jaw_Core_Switch_02,20.35,0.23,200
Saskatoon_Core_Switch_01,25.25,0.47,200
Saskatoon_Core_Switch_01,20.62,0.45,200
Regina_Core_Switch_01,15.03,0.49,200
Moose-Jaw_Core_Switch_02,14.19,0.04,200
Saskatoon_Core_Switch_01,26.29,0.07,200
Regina_Core_Switch_01,21.54,0.31,200
Saskatoon_Core_Switch_01,29.71,0.2,200
Regina_Core_Switch_01,31.83,0.11,200
Regina_Core_Switch_01,33.97,0.43,200
Saskatoon_Core_Switch_01,21.68,0.35,200
Moose-Jaw_Core_Switch_02,28.25,0.33,200
Moose-Jaw_Core_Switch_02,22.14,0.2,200
Saskatoon_Core_Switch_01,30.24,0.27,200
Regina_Core_Switch_01,14.27,0.0,200
Regina_Core_Switch_01,18.74,0.29,200
Regina_Core_Switch_01,28.67,0.12,200
Saskatoon_Core_Switch_01,31.81,0.22,200
Saskatoon_Core_Switch_01,28.91,0.36,200
Saskatoon_Core_Switch_01,12.27,0.13,200
Saskatoon_Core_Switch_01,16.08,0.42,200
Moose-Jaw_Core_Switch_02,31.54,0.33,200
Moose-Jaw_Core_Switch_02,13.07,0.07,200
Regina_Core_Switch_01,23.38,0.3,200
Moose-Jaw_Core_Switch_02,15.18,0.08,200
Moose-Jaw_Core_Switch_02,32.37,0.4,200
Regina_Core_Switch_01,27.34,0.21,200
Moose-Jaw_Core_Switch_02,20.87,0.45,200
Regina_Core_Switch_01,25.98,0.21,200
Regina_Core_Switch_01,11.88,0.36,200
Saskatoon_Core_Switch_01,16.77,0.24,200
Moose-Jaw_Core_Switch_02,19.2,0.13,200
Moose-Jaw_Core_Switch_02,20.97,0.17,200
Regina_Core_Switch_01,30.58,0.1,200
Saskatoon_Core_Switch_01,20.94,0.02,200
Moose-Jaw_Core_Switch_02,14.9,0.17,200
Regina_Core_Switch_01,25.64,0.37,200
Moose-Jaw_Core_Switch_02,32.3,0.44,200
Regina_Core_Switch_01,26.44,0.34,200
Saskatoon_Core_Switch_01,22.12,0.16,200
Regina_Core_Switch_01,16.21,0.41,200
Saskatoon_Core_Switch_01,23.72,0.13,200
Regina_Core_Switch_01,15.85,0.48,200
Regina_Core_Switch_01,10.12,0.25,200
Regina_Core_Switch_01,34.26,0.21,200
Saskatoon_Core_Switch_01,19.21,0.37,200
Regina_Core_Switch_01,21.32,0.5,200
Regina_Core_Switch_01,15.2,0.12,200
Regina_Core_Switch_01,27.48,0.41,200
Regina_Core_Switch_01,22.62,0.07,200
Moose-Jaw_Core_Switch_02,34.04,0.43,200
Saskatoon_Core_Switch_01,30.82,0.25,200
Regina_Core_Switch_01,24.26,0.32,200
Regina_Core_Switch_01,24.53,0.04,200
Regina_Core_Switch_01,31.55,0.44,200
Regina_Core_Switch_01,12.35,0.49,200
Saskatoon_Core_Switch_01,32.66,0.03,200
Saskatoon_Core_Switch_01,15.57,0.1,200
Regina_Core_Switch_01,27.43,0.29,200
Regina_Core_Switch_01,32.0,0.5,200
Regina_Core_Switch_01,24.41,0.28,200
Saskatoon_Core_Switch_01,11.85,0.27,200
Regina_Core_Switch_01,34.85,0.28,200
Regina_Core_Switch_01,26.92,0.41,200
Regina_Core_Switch_01,26.84,0.35,200
Saskatoon_Core_Switch_01,26.71,0.11,200
Regina_Core_Switch_01,24.84,0.26,200
Saskatoon_Core_Switch_01,29.68,0.26,200
Moose-Jaw_Core_Switch_02,27.7,0.17,200
Saskatoon_Core_Switch_01,24.0,0.49,200
Saskatoon_Core_Switch_01,18.31,0.21,200
Regina_Core_Switch_01,21.68,0.19,200
Moose-Jaw_Core_Switch_02,31.27,0.29,200
Moose-Jaw_Core_Switch_02,18.17,0.15,200
Regina_Core_Switch_01,20.84,0.43,200
Moose-Jaw_Core_Switch_02,21.34,0.18,200
Saskatoon_Core_Switch_01,17.42,0.22,200
Moose-Jaw_Core_Switch_02,21.95,0.44,200
Regina_Core_Switch_01,26.42,0.25,200
Saskatoon_Core_Switch_01,30.72,0.03,200
Moose-Jaw_Core_Switch_02,18.52,0.38,200
Saskatoon_Core_Switch_01,27.38,0.23,200
Moose-Jaw_Core_Switch_02,21.14,0.27,200
Saskatoon_Core_Switch_01,29.2,0.28,200
Regina_Core_Switch_01,34.42,0.3,200
Saskatoon_Core_Switch_01,22.59,0.47,200
Regina_Core_Switch_01,33.44,0.07,200
Saskatoon_Core_Switch_01,10.76,0.23,200
Regina_Core_Switch_01,12.16,0.09,200
Regina_Core_Switch_01,17.78,0.0,200
Moose-Jaw_Core_Switch_02,18.41,0.22,200
Moose-Jaw_Core_Switch_02,12.53,0.37,200
Regina_Core_Switch_01,24.0,0.13,200
Saskatoon_Core_Switch_01,25.38,0.09,200
Saskatoon_Core_Switch_01,29.73,0.21,200
Saskatoon_Core_Switch_01,16.97,0.25,200
Saskatoon_Core_Switch_01,28.22,0.17,200
Saskatoon_Core_Switch_01,15.46,0.38,200
Regina_Core_Switch_01,28.0,0.1,200
Regina_Core_Switch_01,341.99,8.26,503
Regina_Core_Switch_01,34.09,0.12,200
Saskatoon_Core_Switch_01,30.61,0.41,200
Saskatoon_Core_Switch_01,26.95,0.38,200
Saskatoon_Core_Switch_01,25.33,0.34,200
Saskatoon_Core_Switch_01,18.16,0.38,200
Regina_Core_Switch_01,24.2,0.4,200
Regina_Core_Switch_01,14.74,0.13,200
Saskatoon_Core_Switch_01,18.43,0.13,200
Regina_Core_Switch_01,20.0,0.15,200
Moose-Jaw_Core_Switch_02,29.64,0.38,200
Saskatoon_Core_Switch_01,28.18,0.16,200
Moose-Jaw_Core_Switch_02,14.89,0.43,200
Saskatoon_Core_Switch_01,30.57,0.18,200
Regina_Core_Switch_01,18.59,0.15,200
Saskatoon_Core_Switch_01,21.84,0.17,200
Regina_Core_Switch_01,20.19,0.04,200
Regina_Core_Switch_01,13.13,0.39,200
Moose-Jaw_Core_Switch_02,30.99,0.35,200
Moose-Jaw_Core_Switch_02,19.41,0.14,200
Saskatoon_Core_Switch_01,27.92,0.18,200
Moose-Jaw_Core_Switch_02,32.67,0.11,200
Saskatoon_Core_Switch_01,19.11,0.33,200
Regina_Core_Switch_01,33.15,0.33,200
Saskatoon_Core_Switch_01,24.89,0.18,200
Saskatoon_Core_Switch_01,21.3,0.13,200
Saskatoon_Core_Switch_01,13.33,0.37,200
Moose-Jaw_Core_Switch_02,19.18,0.16,200
Moose-Jaw_Core_Switch_02,33.4,0.4,200
Saskatoon_Core_Switch_01,12.55,0.03,200
Saskatoon_Core_Switch_01,18.56,0.29,200
Saskatoon_Core_Switch_01,33.34,0.24,200
Regina_Core_Switch_01,11.88,0.26,200
Regina_Core_Switch_01,20.17,0.41,200
Regina_Core_Switch_01,33.48,0.02,200
Moose-Jaw_Core_Switch_02,21.03,0.48,200
Moose-Jaw_Core_Switch_02,25.49,0.42,200
Saskatoon_Core_Switch_01,25.88,0.39,200
Moose-Jaw_Core_Switch_02,335.21,10.39,503
Saskatoon_Core_Switch_01,16.64,0.39,200
Regina_Core_Switch_01,33.62,0.47,200
Saskatoon_Core_Switch_01,19.81,0.34,200
Regina_Core_Switch_01,26.9,0.28,200
Moose-Jaw_Core_Switch_02,26.24,0.14,200
Saskatoon_Core_Switch_01,13.51,0.12,200
Saskatoon_Core_Switch_01,13.15,0.01,200
Moose-Jaw_Core_Switch_02,19.79,0.31,200
Regina_Core_Switch_01,13.32,0.21,200
Moose-Jaw_Core_Switch_02,24.11,0.25,200
Moose-Jaw_Core_Switch_02,30.71,0.04,200
Regina_Core_Switch_01,13.54,0.24,200
Moose-Jaw_Core_Switch_02,13.22,0.4,200
Moose-Jaw_Core_Switch_02,367.38,14.52,503
Saskatoon_Core_Switch_01,33.91,0.03,200
Saskatoon_Core_Switch_01,34.2,0.5,200
Moose-Jaw_Core_Switch_02,30.7,0.11,200
Saskatoon_Core_Switch_01,19.98,0.48,200
Moose-Jaw_Core_Switch_02,17.15,0.18,200
Regina_Core_Switch_01,18.37,0.45,200
Moose-Jaw_Core_Switch_02,26.13,0.26,200
Regina_Core_Switch_01,20.89,0.08,200
Regina_Core_Switch_01,25.52,0.04,200
Moose-Jaw_Core_Switch_02,18.24,0.01,200
Saskatoon_Core_Switch_01,20.31,0.36,200
Moose-Jaw_Core_Switch_02,32.57,0.17,200
Saskatoon_Core_Switch_01,24.79,0.25,200
Saskatoon_Core_Switch_01,26.19,0.18,200
Saskatoon_Core_Switch_01,12.09,0.11,200
Saskatoon_Core_Switch_01,34.62,0.19,200
Saskatoon_Core_Switch_01,11.23,0.26,200
Saskatoon_Core_Switch_01,23.33,0.44,200
Moose-Jaw_Core_Switch_02,28.23,0.0,200
Saskatoon_Core_Switch_01,22.91,0.16,200
Saskatoon_Core_Switch_01,24.71,0.12,200
Moose-Jaw_Core_Switch_02,27.76,0.2,200
Regina_Core_Switch_01,10.09,0.38,200
Moose-Jaw_Core_Switch_02,14.56,0.49,200
Regina_Core_Switch_01,31.56,0.11,200
Saskatoon_Core_Switch_01,32.96,0.09,200
Saskatoon_Core_Switch_01,11.53,0.21,200
Moose-Jaw_Core_Switch_02,17.79,0.18,200
Saskatoon_Core_Switch_01,33.15,0.47,200
Moose-Jaw_Core_Switch_02,12.09,0.1,200
Saskatoon_Core_Switch_01,13.56,0.09,200
Moose-Jaw_Core_Switch_02,26.87,0.0,200
Regina_Core_Switch_01,14.76,0.06,200
Moose-Jaw_Core_Switch_02,21.32,0.37,200
Moose-Jaw_Core_Switch_02,27.26,0.32,200
Regina_Core_Switch_01,22.41,0.46,200
Moose-Jaw_Core_Switch_02,33.17,0.25,200
Moose-Jaw_Core_Switch_02,12.41,0.33,200
Saskatoon_Core_Switch_01,27.4,0.12,200
Moose-Jaw_Core_Switch_02,19.86,0.22,200
Moose-Jaw_Core_Switch_02,18.08,0.19,200
Moose-Jaw_Core_Switch_02,23.29,0.06,200
Moose-Jaw_Core_Switch_02,29.03,0.01,200
Moose-Jaw_Core_Switch_02,20.08,0.46,200
Saskatoon_Core_Switch_01,29.55,0.28,200
Saskatoon_Core_Switch_01,15.82,0.43,200
Saskatoon_Core_Switch_01,16.41,0.42,200
Moose-Jaw_Core_Switch_02,28.37,0.03,200
Saskatoon_Core_Switch_01,13.24,0.33,200
Saskatoon_Core_Switch_01,22.72,0.25,200
Regina_Core_Switch_01,30.06,0.03,200
Saskatoon_Core_Switch_01,10.01,0.25,200
Regina_Core_Switch_01,19.12,0.5,200
Saskatoon_Core_Switch_01,11.41,0.07,200
Moose-Jaw_Core_Switch_02,11.45,0.32,200
Moose-Jaw_Core_Switch_02,13.98,0.4,200
Moose-Jaw_Core_Switch_02,20.95,0.46,200
Moose-Jaw_Core_Switch_02,24.35,0.37,200
Regina_Core_Switch_01,13.81,0.24,200
Saskatoon_Core_Switch_01,30.24,0.24,200
Regina_Core_Switch_01,16.32,0.49,200
Regina_Core_Switch_01,26.76,0.44,200
Saskatoon_Core_Switch_01,22.17,0.02,200
Regina_Core_Switch_01,25.64,0.04,200
Saskatoon_Core_Switch_01,19.94,0.08,200
Saskatoon_Core_Switch_01,12.37,0.5,200
Saskatoon_Core_Switch_01,33.97,0.49,200
Saskatoon_Core_Switch_01,30.25,0.07,200
Regina_Core_Switch_01,15.49,0.02,200
Regina_Core_Switch_01,13.16,0.3,200
Moose-Jaw_Core_Switch_02,10.15,0.19,200
Regina_Core_Switch_01,28.96,0.06,200
Moose-Jaw_Core_Switch_02,28.56,0.01,200
Regina_Core_Switch_01,12.52,0.41,200
Moose-Jaw_Core_Switch_02,24.13,0.32,200
Moose-Jaw_Core_Switch_02,30.49,0.47,200
Regina_Core_Switch_01,28.37,0.17,200
Saskatoon_Core_Switch_01,16.79,0.4,200
Regina_Core_Switch_01,26.21,0.12,200
Moose-Jaw_Core_Switch_02,24.62,0.2,200
Saskatoon_Core_Switch_01,17.7,0.0,200
Regina_Core_Switch_01,23.92,0.22,200
Saskatoon_Core_Switch_01,12.97,0.43,200
Regina_Core_Switch_01,14.05,0.13,200
Saskatoon_Core_Switch_01,14.31,0.0,200
Regina_Core_Switch_01,27.16,0.48,200
Regina_Core_Switch_01,16.33,0.4,200
Moose-Jaw_Core_Switch_02,16.78,0.25,200
Saskatoon_Core_Switch_01,23.72,0.27,200
Saskatoon_Core_Switch_01,34.46,0.08,200
Saskatoon_Core_Switch_01,31.24,0.25,200
Saskatoon_Core_Switch_01,22.94,0.39,200
Moose-Jaw_Core_Switch_02,25.84,0.13,200
Moose-Jaw_Core_Switch_02,31.43,0.27,200
Saskatoon_Core_Switch_01,34.43,0.48,200
Saskatoon_Core_Switch_01,14.05,0.36,200
Regina_Core_Switch_01,12.74,0.27,200
Regina_Core_Switch_01,12.09,0.37,200
Moose-Jaw_Core_Switch_02,18.84,0.13,200
Moose-Jaw_Core_Switch_02,16.01,0.33,200
Moose-Jaw_Core_Switch_02,32.22,0.19,200
Moose-Jaw_Core_Switch_02,18.45,0.35,200
Regina_Core_Switch_01,22.45,0.34,200
Regina_Core_Switch_01,20.47,0.39,200
Moose-Jaw_Core_Switch_02,30.79,0.47,200
Regina_Core_Switch_01,26.1,0.06,200
Regina_Core_Switch_01,14.98,0.3,200
Moose-Jaw_Core_Switch_02,16.11,0.19,200
Regina_Core_Switch_01,12.81,0.39,200
Moose-Jaw_Core_Switch_02,26.2,0.24,200
Saskatoon_Core_Switch_01,20.42,0.09,200
Regina_Core_Switch_01,34.5,0.4,200
Saskatoon_Core_Switch_01,28.45,0.35,200
Regina_Core_Switch_01,24.82,0.37,200
Moose-Jaw_Core_Switch_02,32.08,0.06,200
Saskatoon_Core_Switch_01,16.95,0.15,200
Regina_Core_Switch_01,12.89,0.39,200
Saskatoon_Core_Switch_01,28.77,0.02,200
Saskatoon_Core_Switch_01,27.74,0.12,200
Saskatoon_Core_Switch_01,11.88,0.15,200
Regina_Core_Switch_01,14.55,0.15,200
Regina_Core_Switch_01,29.23,0.33,200
Saskatoon_Core_Switch_01,20.42,0.39,200
Regina_Core_Switch_01,29.46,0.16,200
Saskatoon_Core_Switch_01,11.66,0.4,200
Saskatoon_Core_Switch_01,11.51,0.35,200
Regina_Core_Switch_01,33.79,0.2,200
Regina_Core_Switch_01,11.63,0.44,200
Regina_Core_Switch_01,15.83,0.03,200
Regina_Core_Switch_01,26.1,0.08,200
Regina_Core_Switch_01,19.72,0.09,200
Moose-Jaw_Core_Switch_02,24.68,0.28,200
Moose-Jaw_Core_Switch_02,23.84,0.49,200
Moose-Jaw_Core_Switch_02,12.39,0.39,200
Moose-Jaw_Core_Switch_02,25.14,0.05,200
Moose-Jaw_Core_Switch_02,11.14,0.42,200
Moose-Jaw_Core_Switch_02,16.26,0.25,200
Saskatoon_Core_Switch_01,18.68,0.45,200
Moose-Jaw_Core_Switch_02,13.29,0.15,200
Saskatoon_Core_Switch_01,26.08,0.06,200
Moose-Jaw_Core_Switch_02,21.22,0.15,200
Regina_Core_Switch_01,18.34,0.04,200
Regina_Core_Switch_01,16.54,0.03,200
Regina_Core_Switch_01,22.4,0.33,200
Regina_Core_Switch_01,26.57,0.39,200
Moose-Jaw_Core_Switch_02,23.22,0.08,200
Moose-Jaw_Core_Switch_02,23.06,0.25,200
Regina_Core_Switch_01,34.76,0.06,200
Regina_Core_Switch_01,31.87,0.14,200
Regina_Core_Switch_01,15.57,0.36,200
Saskatoon_Core_Switch_01,14.87,0.24,200
Regina_Core_Switch_01,34.58,0.29,200
Moose-Jaw_Core_Switch_02,33.25,0.15,200
Saskatoon_Core_Switch_01,11.87,0.37,200
Moose-Jaw_Core_Switch_02,17.4,0.07,200
Saskatoon_Core_Switch_01,23.0,0.33,200
Moose-Jaw_Core_Switch_02,18.92,0.27,200
Saskatoon_Core_Switch_01,22.3,0.36,200
Moose-Jaw_Core_Switch_02,28.66,0.21,200
Regina_Core_Switch_01,12.87,0.17,200
Saskatoon_Core_Switch_01,27.77,0.13,200
Saskatoon_Core_Switch_01,17.62,0.36,200
Moose-Jaw_Core_Switch_02,12.68,0.34,200
Regina_Core_Switch_01,31.12,0.21,200
Moose-Jaw_Core_Switch_02,29.57,0.07,200
Saskatoon_Core_Switch_01,29.18,0.11,200
Saskatoon_Core_Switch_01,27.03,0.09,200
Regina_Core_Switch_01,11.28,0.32,200
Moose-Jaw_Core_Switch_02,25.48,0.36,200
Saskatoon_Core_Switch_01,19.04,0.41,200
Saskatoon_Core_Switch_01,16.96,0.29,200
Saskatoon_Core_Switch_01,29.24,0.01,200
Saskatoon_Core_Switch_01,33.92,0.18,200
Saskatoon_Core_Switch_01,18.25,0.39,200
Regina_Core_Switch_01,29.04,0.25,200
Regina_Core_Switch_01,16.95,0.47,200
Moose-Jaw_Core_Switch_02,24.16,0.07,200
Moose-Jaw_Core_Switch_02,21.16,0.01,200
Saskatoon_Core_Switch_01,33.98,0.41,200
Saskatoon_Core_Switch_01,17.69,0.45,200
Saskatoon_Core_Switch_01,15.15,0.4,200
Saskatoon_Core_Switch_01,28.6,0.07,200
Moose-Jaw_Core_Switch_02,23.23,0.29,200
Moose-Jaw_Core_Switch_02,15.65,0.11,200
Moose-Jaw_Core_Switch_02,27.97,0.11,200
Regina_Core_Switch_01,24.15,0.46,200
Regina_Core_Switch_01,16.31,0.39,200
Saskatoon_Core_Switch_01,14.21,0.0,200
Moose-Jaw_Core_Switch_02,20.68,0.49,200
Moose-Jaw_Core_Switch_02,23.06,0.01,200
Moose-Jaw_Core_Switch_02,23.15,0.42,200
Moose-Jaw_Core_Switch_02,33.5,0.12,200
Moose-Jaw_Core_Switch_02,14.78,0.39,200
Saskatoon_Core_Switch_01,13.47,0.21,200
Moose-Jaw_Core_Switch_02,10.41,0.22,200
Regina_Core_Switch_01,24.98,0.05,200
Regina_Core_Switch_01,26.0,0.5,200
Saskatoon_Core_Switch_01,13.07,0.1,200
Regina_Core_Switch_01,28.48,0.15,200
Regina_Core_Switch_01,20.26,0.12,200
Regina_Core_Switch_01,32.01,0.2,200
Moose-Jaw_Core_Switch_02,12.02,0.02,200
Saskatoon_Core_Switch_01,19.31,0.31,200
Regina_Core_Switch_01,14.43,0.36,200
Regina_Core_Switch_01,18.68,0.09,200
Regina_Core_Switch_01,16.57,0.27,200
Regina_Core_Switch_01,14.84,0.37,200
Saskatoon_Core_Switch_01,32.21,0.07,200
Regina_Core_Switch_01,14.95,0.42,200
Regina_Core_Switch_01,12.66,0.14,200
Saskatoon_Core_Switch_01,16.59,0.2,200
Saskatoon_Core_Switch_01,14.45,0.19,200
Saskatoon_Core_Switch_01,31.84,0.45,200
Saskatoon_Core_Switch_01,25.32,0.01,200
Moose-Jaw_Core_Switch_02,34.63,0.39,200
Regina_Core_Switch_01,32.46,0.48,200
Regina_Core_Switch_01,28.23,0.39,200
Regina_Core_Switch_01,33.15,0.07,200
Moose-Jaw_Core_Switch_02,30.49,0.42,200
Moose-Jaw_Core_Switch_02,10.04,0.3,200
Regina_Core_Switch_01,27.32,0.21,200
Regina_Core_Switch_01,29.93,0.12,200
Regina_Core_Switch_01,25.94,0.4,200
Saskatoon_Core_Switch_01,20.41,0.18,200
Regina_Core_Switch_01,32.26,0.49,200
Moose-Jaw_Core_Switch_02,10.34,0.09,200
Moose-Jaw_Core_Switch_02,23.63,0.45,200
Moose-Jaw_Core_Switch_02,19.0,0.35,200
Moose-Jaw_Core_Switch_02,19.62,0.32,200
Moose-Jaw_Core_Switch_02,23.4,0.4,200
Regina_Core_Switch_01,28.28,0.29,200
Saskatoon_Core_Switch_01,26.46,0.42,200
Regina_Core_Switch_01,33.88,0.43,200
Moose-Jaw_Core_Switch_02,12.48,0.2,200
Moose-Jaw_Core_Switch_02,17.48,0.35,200
Moose-Jaw_Core_Switch_02,10.98,0.27,200
Saskatoon_Core_Switch_01,21.32,0.46,200
Saskatoon_Core_Switch_01,21.45,0.46,200
Moose-Jaw_Core_Switch_02,19.97,0.39,200
Saskatoon_Core_Switch_01,34.7,0.1,200
Moose-Jaw_Core_Switch_02,28.85,0.07,200
Regina_Core_Switch_01,16.69,0.09,200
Regina_Core_Switch_01,21.27,0.03,200
Regina_Core_Switch_01,20.7,0.01,200
Regina_Core_Switch_01,12.0,0.39,200
Regina_Core_Switch_01,22.16,0.35,200
Saskatoon_Core_Switch_01,17.75,0.46,200
Saskatoon_Core_Switch_01,28.29,0.35,200
Regina_Core_Switch_01,32.79,0.19,200
Moose-Jaw_Core_Switch_02,30.54,0.23,200
Saskatoon_Core_Switch_01,20.04,0.02,200
Saskatoon_Core_Switch_01,19.95,0.12,200
Regina_Core_Switch_01,18.63,0.25,200
Moose-Jaw_Core_Switch_02,425.4,12.35,503
Regina_Core_Switch_01,22.49,0.34,200
Saskatoon_Core_Switch_01,484.25,6.64,503
Saskatoon_Core_Switch_01,15.63,0.15,200
Moose-Jaw_Core_Switch_02,16.72,0.19,200
Moose-Jaw_Core_Switch_02,20.89,0.05,200
Saskatoon_Core_Switch_01,29.28,0.11,200
Regina_Core_Switch_01,34.97,0.23,200
Saskatoon_Core_Switch_01,12.34,0.43,200
Saskatoon_Core_Switch_01,23.64,0.09,200
Regina_Core_Switch_01,13.24,0.15,200
Moose-Jaw_Core_Switch_02,33.77,0.04,200
Moose-Jaw_Core_Switch_02,30.7,0.12,200
Moose-Jaw_Core_Switch_02,22.29,0.12,200
Regina_Core_Switch_01,14.46,0.24,200
Regina_Core_Switch_01,28.28,0.27,200
Regina_Core_Switch_01,10.39,0.23,200
Saskatoon_Core_Switch_01,12.56,0.14,200
Regina_Core_Switch_01,27.82,0.4,200
Moose-Jaw_Core_Switch_02,28.84,0.32,200
Moose-Jaw_Core_Switch_02,14.26,0.04,200
Moose-Jaw_Core_Switch_02,21.04,0.11,200
Regina_Core_Switch_01,14.42,0.09,200
Regina_Core_Switch_01,33.28,0.44,200
Saskatoon_Core_Switch_01,24.71,0.15,200
Saskatoon_Core_Switch_01,394.89,10.29,503
Moose-Jaw_Core_Switch_02,31.94,0.18,200
Moose-Jaw_Core_Switch_02,26.9,0.47,200
Saskatoon_Core_Switch_01,24.73,0.5,200
Regina_Core_Switch_01,11.26,0.32,200
Moose-Jaw_Core_Switch_02,28.01,0.23,200
Saskatoon_Core_Switch_01,28.7,0.09,200
Regina_Core_Switch_01,18.15,0.17,200
Saskatoon_Core_Switch_01,17.89,0.31,200
Saskatoon_Core_Switch_01,17.04,0.13,200
Saskatoon_Core_Switch_01,23.78,0.24,200
Saskatoon_Core_Switch_01,31.81,0.23,200
Regina_Core_Switch_01,26.15,0.15,200
Moose-Jaw_Core_Switch_02,11.23,0.14,200
Saskatoon_Core_Switch_01,32.57,0.11,200
Moose-Jaw_Core_Switch_02,20.39,0.32,200
Moose-Jaw_Core_Switch_02,30.24,0.27,200
Regina_Core_Switch_01,23.98,0.25,200
Saskatoon_Core_Switch_01,25.15,0.07,200
Regina_Core_Switch_01,24.39,0.03,200
Saskatoon_Core_Switch_01,13.42,0.16,200
Regina_Core_Switch_01,14.75,0.24,200
Moose-Jaw_Core_Switch_02,23.52,0.39,200
Moose-Jaw_Core_Switch_02,32.89,0.14,200
Moose-Jaw_Core_Switch_02,26.34,0.07,200
Regina_Core_Switch_01,11.52,0.33,200
Moose-Jaw_Core_Switch_02,16.45,0.19,200
Regina_Core_Switch_01,11.66,0.11,200
Saskatoon_Core_Switch_01,26.47,0.0,200
Moose-Jaw_Core_Switch_02,24.86,0.4,200
Saskatoon_Core_Switch_01,10.4,0.16,200
Regina_Core_Switch_01,20.86,0.44,200
Moose-Jaw_Core_Switch_02,15.98,0.46,200
Saskatoon_Core_Switch_01,28.03,0.35,200
Moose-Jaw_Core_Switch_02,32.51,0.42,200
Moose-Jaw_Core_Switch_02,19.0,0.1,200
Regina_Core_Switch_01,23.89,0.5,200
Regina_Core_Switch_01,29.62,0.06,200
Saskatoon_Core_Switch_01,34.48,0.29,200
Moose-Jaw_Core_Switch_02,19.33,0.25,200
Saskatoon_Core_Switch_01,26.06,0.44,200
Moose-Jaw_Core_Switch_02,12.41,0.06,200
Regina_Core_Switch_01,17.55,0.13,200
Regina_Core_Switch_01,21.5,0.41,200
Moose-Jaw_Core_Switch_02,10.75,0.33,200
Saskatoon_Core_Switch_01,19.2,0.25,200
Moose-Jaw_Core_Switch_02,12.13,0.2,200
Regina_Core_Switch_01,28.63,0.13,200
Regina_Core_Switch_01,19.25,0.08,200
Saskatoon_Core_Switch_01,21.97,0.14,200
Regina_Core_Switch_01,32.69,0.26,200
Saskatoon_Core_Switch_01,19.29,0.13,200
Saskatoon_Core_Switch_01,16.09,0.45,200
Moose-Jaw_Core_Switch_02,34.97,0.21,200
Saskatoon_Core_Switch_01,23.87,0.07,200
Moose-Jaw_Core_Switch_02,26.11,0.04,200
Moose-Jaw_Core_Switch_02,27.34,0.49,200
Moose-Jaw_Core_Switch_02,18.1,0.08,200
Regina_Core_Switch_01,14.58,0.41,200
Regina_Core_Switch_01,29.57,0.29,200
Moose-Jaw_Core_Switch_02,24.32,0.36,200
Regina_Core_Switch_01,11.65,0.06,200
Saskatoon_Core_Switch_01,30.03,0.01,200
Moose-Jaw_Core_Switch_02,26.8,0.09,200
Moose-Jaw_Core_Switch_02,22.21,0.49,200
Saskatoon_Core_Switch_01,23.96,0.23,200
Saskatoon_Core_Switch_01,29.6,0.3,200
Moose-Jaw_Core_Switch_02,31.76,0.13,200
Regina_Core_Switch_01,27.23,0.2,200
Moose-Jaw_Core_Switch_02,13.84,0.28,200
Saskatoon_Core_Switch_01,30.09,0.42,200
Saskatoon_Core_Switch_01,20.36,0.32,200
Saskatoon_Core_Switch_01,18.28,0.41,200
Moose-Jaw_Core_Switch_02,18.36,0.17,200
Moose-Jaw_Core_Switch_02,16.87,0.19,200
Regina_Core_Switch_01,24.24,0.42,200
Saskatoon_Core_Switch_01,20.51,0.07,200
Regina_Core_Switch_01,23.93,0.21,200
Regina_Core_Switch_01,26.91,0.35,200
Regina_Core_Switch_01,27.32,0.02,200
Moose-Jaw_Core_Switch_02,25.13,0.08,200
Moose-Jaw_Core_Switch_02,10.3,0.29,200
Saskatoon_Core_Switch_01,13.53,0.34,200
Regina_Core_Switch_01,18.98,0.04,200
Saskatoon_Core_Switch_01,18.59,0.2,200
Saskatoon_Core_Switch_01,32.69,0.01,200
Saskatoon_Core_Switch_01,27.85,0.18,200
Moose-Jaw_Core_Switch_02,15.11,0.24,200
Regina_Core_Switch_01,22.99,0.14,200
Moose-Jaw_Core_Switch_02,11.18,0.2,200
Moose-Jaw_Core_Switch_02,29.83,0.3,200
Regina_Core_Switch_01,11.15,0.16,200
Moose-Jaw_Core_Switch_02,16.42,0.15,200
Saskatoon_Core_Switch_01,29.87,0.33,200
Saskatoon_Core_Switch_01,34.94,0.01,200
Saskatoon_Core_Switch_01,27.33,0.38,200
Regina_Core_Switch_01,25.42,0.46,200
Moose-Jaw_Core_Switch_02,17.81,0.49,200
Regina_Core_Switch_01,15.35,0.24,200
Regina_Core_Switch_01,30.3,0.4,200
Saskatoon_Core_Switch_01,34.34,0.35,200
Saskatoon_Core_Switch_01,30.81,0.0,200
Saskatoon_Core_Switch_01,14.76,0.44,200
Regina_Core_Switch_01,27.56,0.21,200
Regina_Core_Switch_01,29.81,0.23,200
Moose-Jaw_Core_Switch_02,18.29,0.42,200
Moose-Jaw_Core_Switch_02,23.21,0.05,200
Regina_Core_Switch_01,24.41,0.28,200
Moose-Jaw_Core_Switch_02,14.29,0.08,200
Moose-Jaw_Core_Switch_02,34.92,0.09,200
Regina_Core_Switch_01,22.11,0.41,200
Saskatoon_Core_Switch_01,21.39,0.26,200
Saskatoon_Core_Switch_01,17.18,0.41,200
Saskatoon_Core_Switch_01,323.22,11.55,503
Saskatoon_Core_Switch_01,31.73,0.34,200
Saskatoon_Core_Switch_01,32.4,0.08,200
